族語	中文翻譯	從語料庫移除	音檔
aka	壞的；不好的	保留	Kanakanavu_A2-1-1.wav
anani	右邊	保留	Kanakanavu_A2-1-2.wav
anisi	牙齒	保留	Kanakanavu_A2-1-3.wav
anu	蜜蜂；蜂蜜；蜂巢	保留	Kanakanavu_A2-1-4.wav
aracaini	遠	保留	Kanakanavu_A2-1-5.wav
araceni	遠	保留	Kanakanavu_A2-1-6.wav
araceen	遠	保留	Kanakanavu_A2-1-7.wav
aracakanʉ	打獵	保留	Kanakanavu_A2-1-8.wav
aracan	近	保留	Kanakanavu_A2-1-9.wav
araciasʉ	天亮	保留	Kanakanavu_A2-1-10.wav
aracʉvʉrʉ	生長；成長	保留	Kanakanavu_A2-1-11.wav
arakicacʉ	嚇一跳	保留	Kanakanavu_A2-1-12.wav
arakukunu	一起；相處	保留	Kanakanavu_A2-1-13.wav
arakukuun	一起；相處	保留	Kanakanavu_A2-1-14.wav
arakuracʉ	生氣；氣憤	保留	Kanakanavu_A2-1-15.wav
aramia'ʉ	起床；醒了	保留	Kanakanavu_A2-1-16.wav
aranai	從（某處；某時）	保留	Kanakanavu_A2-1-17.wav
arapana'ʉ	跑	保留	Kanakanavu_A2-1-18.wav
arapipiningi	出去；出現	保留	Kanakanavu_A2-1-19.wav
arapipining	出去；出現	保留	Kanakanavu_A2-1-20.wav
ararira	烏龜	保留	Kanakanavu_A2-1-21.wav
aratakara	起來；站起來	保留	Kanakanavu_A2-1-22.wav
aratatia	長大	保留	Kanakanavu_A2-1-23.wav
aratʉkʉnʉ	分開	保留	Kanakanavu_A2-1-24.wav
aratʉkʉʉn	分開	保留	Kanakanavu_A2-1-25.wav
aru	八（數數）	保留	Kanakanavu_A2-1-26.wav
aunu	蒸氣	保留	Kanakanavu_A2-1-27.wav
ono	蒸氣	保留	Kanakanavu_A2-1-28.wav
avuran	汗水	保留	Kanakanavu_A2-1-29.wav
cacanʉ	路；道路	保留	Kanakanavu_A2-2-1.wav
cacaan	路；道路	保留	Kanakanavu_A2-2-2.wav
cakʉran	河流	保留	Kanakanavu_A2-2-3.wav
camai	菜餚	保留	Kanakanavu_A2-2-4.wav
campe	剛才	保留	Kanakanavu_A2-2-5.wav
cangkan	髒	保留	Kanakanavu_A2-2-6.wav
cani	一（數數）	保留	Kanakanavu_A2-2-7.wav
cani	首次	保留	Kanakanavu_A2-2-8.wav
cani	歌	保留	Kanakanavu_A2-2-9.wav
canumu	水	保留	Kanakanavu_A2-2-10.wav
canuum	水	保留	Kanakanavu_A2-2-11.wav
cara	上（某之上）	保留	Kanakanavu_A2-2-12.wav
carapung	帽子	保留	Kanakanavu_A2-2-13.wav
caruru	頂端；尖端（山頂）	保留	Kanakanavu_A2-2-14.wav
cau	人	保留	Kanakanavu_A2-2-15.wav
ca'ánia	白天	保留	Kanakanavu_A2-2-16.wav
ca'u	無患子	保留	Kanakanavu_A2-2-17.wav
cenana	年；年齡；歲	保留	Kanakanavu_A2-2-18.wav
ciciri	旁邊；角落	保留	Kanakanavu_A2-2-19.wav
cikíringa	邊邊的地方；隱喻廁所	保留	Kanakanavu_A2-2-20.wav
cimi'i	臉	保留	Kanakanavu_A2-2-21.wav
cina	母親；媽媽	保留	Kanakanavu_A2-2-22.wav
cina vuravurau	阿姨；嬸嬸；姑姑；媽媽輩	保留	Kanakanavu_A2-2-23.wav
cirupu	毛巾；方巾	保留	Kanakanavu_A2-2-24.wav
ciuman	胖（人）；粗（物）	保留	Kanakanavu_A2-2-25.wav
ciuru	針	保留	Kanakanavu_A2-2-26.wav
civuka	胃	保留	Kanakanavu_A2-2-27.wav
civu'u	竹筍	保留	Kanakanavu_A2-2-28.wav
conu	姑婆芋	保留	Kanakanavu_A2-2-29.wav
cuma	父親；爸爸	保留	Kanakanavu_A2-2-30.wav
cuma vuravurau	叔叔；伯伯；舅舅；爸爸輩	保留	Kanakanavu_A2-2-31.wav
cumacakʉpʉ	刺（以銳器）	保留	Kanakanavu_A2-2-32.wav
cumácapa	烤	保留	Kanakanavu_A2-2-33.wav
cumacaruvu	蓋被子	保留	Kanakanavu_A2-2-34.wav
cumaca'ʉ	削製（竹、木、金屬）	保留	Kanakanavu_A2-2-35.wav
cumacunu	燒（獵物或家禽的）毛	保留	Kanakanavu_A2-2-36.wav
cumacʉ'ʉra	看	保留	Kanakanavu_A2-2-37.wav
cumai	熊	保留	Kanakanavu_A2-2-38.wav
cunuku	麻糬；年糕（有內餡）	保留	Kanakanavu_A2-2-39.wav
cúngkucu	橋樑；梯子	保留	Kanakanavu_A2-2-40.wav
curu	很；非常；太；真的；的確	保留	Kanakanavu_A2-2-41.wav
cucuru	很；非常；太；真的；的確	保留	Kanakanavu_A2-2-42.wav
cusa	二（數數）	保留	Kanakanavu_A2-2-43.wav
cu’uan	骨頭	保留	Kanakanavu_A2-2-44.wav
cʉnʉ	草	保留	Kanakanavu_A2-2-45.wav
cʉʉn	草	保留	Kanakanavu_A2-2-46.wav
cʉngnan	舊的	保留	Kanakanavu_A2-2-47.wav
iávatu	來	保留	Kanakanavu_A2-3-1.wav
icici	尾巴	保留	Kanakanavu_A2-3-2.wav
íkamu	你們	保留	Kanakanavu_A2-3-3.wav
kamu	你們	保留	Kanakanavu_A2-3-4.wav
mu	你們	保留	Kanakanavu_A2-3-5.wav
kamua	你們	保留	Kanakanavu_A2-3-6.wav
íkasu	你	保留	Kanakanavu_A2-3-7.wav
kasu	你	保留	Kanakanavu_A2-3-8.wav
musu	你	保留	Kanakanavu_A2-3-9.wav
kasua	你	保留	Kanakanavu_A2-3-10.wav
ikim	我們（排除式）	保留	Kanakanavu_A2-3-11.wav
kim	我們（排除式）	保留	Kanakanavu_A2-3-12.wav
mia	我們（排除式）	保留	Kanakanavu_A2-3-13.wav
kimia	我們（排除式）	保留	Kanakanavu_A2-3-14.wav
íkita	我們（包含式）；咱們	保留	Kanakanavu_A2-3-15.wav
kita	我們（包含式）；咱們	保留	Kanakanavu_A2-3-16.wav
mita	我們（包含式）；咱們	保留	Kanakanavu_A2-3-17.wav
kitana	我們（包含式）；咱們	保留	Kanakanavu_A2-3-18.wav
iku	我	保留	Kanakanavu_A2-3-19.wav
ku	我	保留	Kanakanavu_A2-3-20.wav
kia	我	保留	Kanakanavu_A2-3-21.wav
maku	我	保留	Kanakanavu_A2-3-22.wav
ikua	我	保留	Kanakanavu_A2-3-23.wav
ímua	所以；因而；因此；	保留	Kanakanavu_A2-3-24.wav
in	他；如果	保留	Kanakanavu_A2-3-25.wav
iriri	左邊	保留	Kanakanavu_A2-3-26.wav
isa	那（說者與聽者看得見）	保留	Kanakanavu_A2-3-27.wav
isi	這（個）	保留	Kanakanavu_A2-3-28.wav
ísua	那（說者與聽者未必能見）	保留	Kanakanavu_A2-3-29.wav
ivatá	來（叫人來）	保留	Kanakanavu_A2-3-30.wav
iváta	來（叫人來）	保留	Kanakanavu_A2-3-31.wav
ivici	嘴巴	保留	Kanakanavu_A2-3-32.wav
ivu	尿；小便	保留	Kanakanavu_A2-3-33.wav
kacaua	多（人）	保留	Kanakanavu_A2-4-1.wav
kaisisi	祭祀；慶祝；慶典	保留	Kanakanavu_A2-4-2.wav
kakámarʉ	鐮刀	保留	Kanakanavu_A2-4-3.wav
kakangca	天空	保留	Kanakanavu_A2-4-4.wav
kakicu	男用背負網袋	保留	Kanakanavu_A2-4-5.wav
kamanʉngʉ	製作	保留	Kanakanavu_A2-4-6.wav
kamanʉʉng	製作	保留	Kanakanavu_A2-4-7.wav
kamu	你們	保留	Kanakanavu_A2-4-8.wav
kamua	你們	保留	Kanakanavu_A2-4-9.wav
Kanakanavu	本族的自稱用語	保留	Kanakanavu_A2-4-10.wav
kanámara	秋天	保留	Kanakanavu_A2-4-11.wav
kanárua	弟弟；妹妹	保留	Kanakanavu_A2-4-12.wav
kanárua nanakʉ	妹妹	保留	Kanakanavu_A2-4-13.wav
kanárua sarunai	弟弟	保留	Kanakanavu_A2-4-14.wav
kana'amisan	冬天	保留	Kanakanavu_A2-4-15.wav
kana'iara	春天	保留	Kanakanavu_A2-4-16.wav
kaná'ua	哥哥；姊姊	保留	Kanakanavu_A2-4-17.wav
kaná'ua nanakʉ	姊姊	保留	Kanakanavu_A2-4-18.wav
kaná'ua sarunai	哥哥	保留	Kanakanavu_A2-4-19.wav
kana'ʉcana	夏天	保留	Kanakanavu_A2-4-20.wav
kani	聽說；表達訊息是聽來的或是不確定的	保留	Kanakanavu_A2-4-21.wav
kara	疑問助詞	保留	Kanakanavu_A2-4-22.wav
karapa’ici	喝酒	保留	Kanakanavu_A2-4-23.wav
karara	籃子	保留	Kanakanavu_A2-4-24.wav
karavung	牛	保留	Kanakanavu_A2-4-25.wav
kara’au	喝湯	保留	Kanakanavu_A2-4-26.wav
kara’o	喝湯	保留	Kanakanavu_A2-4-27.wav
kari	語言；話語	保留	Kanakanavu_A2-4-28.wav
Karianasau	播種祭	保留	Kanakanavu_A2-4-29.wav
karu	樹木；柴薪	保留	Kanakanavu_A2-4-30.wav
kasa	魚簍	保留	Kanakanavu_A2-4-31.wav
kasa（日語）	斗笠	保留	Kanakanavu_A2-4-32.wav
kasu	你	保留	Kanakanavu_A2-4-33.wav
kasua	你	保留	Kanakanavu_A2-4-34.wav
kava	皮（人或動物）；皮膚	保留	Kanakanavu_A2-4-35.wav
kavangvang	全部；都；也	保留	Kanakanavu_A2-4-36.wav
kangvang	全部；都；也	保留	Kanakanavu_A2-4-37.wav
ka'anʉ	不（會）；沒有	保留	Kanakanavu_A2-4-38.wav
ka’aan	不（會）；沒有	保留	Kanakanavu_A2-4-39.wav
ka'anʉ	不是	保留	Kanakanavu_A2-4-40.wav
ka’aan	不是	保留	Kanakanavu_A2-4-41.wav
ka’umó’uma	開墾；做田	保留	Kanakanavu_A2-4-42.wav
kee	他	保留	Kanakanavu_A2-4-43.wav
kesoni	問；詢問	保留	Kanakanavu_A2-4-44.wav
kia	我	保留	Kanakanavu_A2-4-45.wav
kiatúturu	學習	保留	Kanakanavu_A2-4-46.wav
kim	我們（排除式）	保留	Kanakanavu_A2-4-47.wav
kimia	我們（排除式）	保留	Kanakanavu_A2-4-48.wav
kincaua	親戚	保留	Kanakanavu_A2-4-49.wav
kinvara	兄弟姐妹；堂、表兄弟姐妹	保留	Kanakanavu_A2-4-50.wav
kinvaia	兄弟姐妹；堂、表兄弟姐妹	保留	Kanakanavu_A2-4-51.wav
kita	我們（包含式）；咱們	保留	Kanakanavu_A2-4-52.wav
kitana	我們（包含式）；咱們	保留	Kanakanavu_A2-4-53.wav
koo	沒；沒有（做某事）	保留	Kanakanavu_A2-4-54.wav
koca'ánia	吃午餐 (吃白天的)	保留	Kanakanavu_A2-4-55.wav
kocici	吃早餐 (吃熱的)	保留	Kanakanavu_A2-4-56.wav
koravi	吃晚餐 (吃最後的)	保留	Kanakanavu_A2-4-57.wav
kó'ua	偷竊	保留	Kanakanavu_A2-4-58.wav
ku	我	保留	Kanakanavu_A2-4-59.wav
kukuca	背部；背面；後面（建物）	保留	Kanakanavu_A2-4-60.wav
kumakiri	栓住	保留	Kanakanavu_A2-4-61.wav
kumakiríkiri	抓癢	保留	Kanakanavu_A2-4-62.wav
kumakoru	挖掘；挖洞	保留	Kanakanavu_A2-4-63.wav
kumakuici	剝果皮、樹皮	保留	Kanakanavu_A2-4-64.wav
kumakusúkusu	剃髮	保留	Kanakanavu_A2-4-65.wav
kumakʉnʉ	吃	保留	Kanakanavu_A2-4-66.wav
kumakʉʉn	吃	保留	Kanakanavu_A2-4-67.wav
kuncu	毛	保留	Kanakanavu_A2-4-68.wav
kunga'a （借詞）	鴨	保留	Kanakanavu_A2-4-69.wav
kurai	蟲	保留	Kanakanavu_A2-4-70.wav
kuratumuru	滿	保留	Kanakanavu_A2-4-71.wav
kurisivatʉ	倒臥	保留	Kanakanavu_A2-4-72.wav
kuruma （日語）	車子	保留	Kanakanavu_A2-4-73.wav
kusu	梳子	保留	Kanakanavu_A2-4-74.wav
kʉkʉnangʉ	同伴；夥伴	保留	Kanakanavu_A2-4-75.wav
kʉkʉnang	同伴；夥伴	保留	Kanakanavu_A2-4-76.wav
kʉna	食物	保留	Kanakanavu_A2-4-77.wav
maan	十（數數）	保留	Kanakanavu_A2-5-1.wav
mácaca	笑	保留	Kanakanavu_A2-5-2.wav
macaraini	可憐；值得憐憫	保留	Kanakanavu_A2-5-3.wav
macareni	可憐；值得憐憫	保留	Kanakanavu_A2-5-4.wav
macara	可憐；值得憐憫	保留	Kanakanavu_A2-5-5.wav
kacaraiin	可憐；值得憐憫	保留	Kanakanavu_A2-5-6.wav
macakuarʉ	滿（食物）	保留	Kanakanavu_A2-5-7.wav
macangcangarʉ	高興；快樂	保留	Kanakanavu_A2-5-8.wav
macaru	滑的	保留	Kanakanavu_A2-5-9.wav
macasʉ	長	保留	Kanakanavu_A2-5-10.wav
maca'ivi	經過（時間上的）	保留	Kanakanavu_A2-5-11.wav
maciasʉ	明亮的	保留	Kanakanavu_A2-5-12.wav
macici	悶熱；不通風	保留	Kanakanavu_A2-5-13.wav
macici	熱；燙	保留	Kanakanavu_A2-5-14.wav
mácina	梳洗	保留	Kanakanavu_A2-5-15.wav
macuru	熟（烹煮）	保留	Kanakanavu_A2-5-16.wav
macu'u	果實	保留	Kanakanavu_A2-5-17.wav
maica	經過（空間上的）	保留	Kanakanavu_A2-5-18.wav
’apaica	經過（空間上的）	保留	Kanakanavu_A2-5-19.wav
maimʉʉn	五十	保留	Kanakanavu_A2-5-20.wav
makacang	馬上；立即；就	保留	Kanakanavu_A2-5-21.wav
makacapʉ́capʉ	拍擊；擊掌	保留	Kanakanavu_A2-5-22.wav
makacʉkʉna	到達；抵達	保留	Kanakanavu_A2-5-23.wav
makacʉmʉrʉ	厚	保留	Kanakanavu_A2-5-24.wav
makananu	如何；怎樣	保留	Kanakanavu_A2-5-25.wav
makananguru	游泳	保留	Kanakanavu_A2-5-26.wav
makangʉcʉ	少	保留	Kanakanavu_A2-5-27.wav
mákari	說話（某人對某人說）	保留	Kanakanavu_A2-5-28.wav
makaríkari	討論	保留	Kanakanavu_A2-5-29.wav
makasi	說	保留	Kanakanavu_A2-5-30.wav
makásia	這樣	保留	Kanakanavu_A2-5-31.wav
makásua	那樣	保留	Kanakanavu_A2-5-32.wav
pakasuun	那樣	保留	Kanakanavu_A2-5-33.wav
maká'ʉna	又；再（次）	保留	Kanakanavu_A2-5-34.wav
maku	我	保留	Kanakanavu_A2-5-35.wav
makungu	冷	保留	Kanakanavu_A2-5-36.wav
makuung	冷	保留	Kanakanavu_A2-5-37.wav
makʉkʉang	硬（如石頭）	保留	Kanakanavu_A2-5-38.wav
mamaan	十（數人）	保留	Kanakanavu_A2-5-39.wav
mamacai	死亡	保留	Kanakanavu_A2-5-40.wav
mamanu	小孩；孩童（複數）	保留	Kanakanavu_A2-5-41.wav
mamanʉng	好	保留	Kanakanavu_A2-5-42.wav
mamarang	老人；長者（複數）	保留	Kanakanavu_A2-5-43.wav
mámia	只；僅只	保留	Kanakanavu_A2-5-44.wav
maa	只；僅只	保留	Kanakanavu_A2-5-45.wav
mámia	可惜；遺憾	保留	Kanakanavu_A2-5-46.wav
mamíriki	李子	保留	Kanakanavu_A2-5-47.wav
mami'arʉ	苦澀	保留	Kanakanavu_A2-5-48.wav
manasʉ	或許；可能	保留	Kanakanavu_A2-5-49.wav
mánava	酒醉	保留	Kanakanavu_A2-5-50.wav
mane'i	輕（重量）	保留	Kanakanavu_A2-5-51.wav
mane'e	輕（重量）	保留	Kanakanavu_A2-5-52.wav
maningcau	漂亮；美麗	保留	Kanakanavu_A2-5-53.wav
manman	辣椒	保留	Kanakanavu_A2-5-54.wav
manmaan	喜歡；喜愛	保留	Kanakanavu_A2-5-55.wav
ka'anmanʉn	喜歡；喜愛	保留	Kanakanavu_A2-5-56.wav
manu	小孩；孩童	保留	Kanakanavu_A2-5-57.wav
manʉkʉpai	矮	保留	Kanakanavu_A2-5-58.wav
manʉmʉ	六十	保留	Kanakanavu_A2-5-59.wav
mangaríngari	搖動（人為）	保留	Kanakanavu_A2-5-60.wav
mangtʉnʉ	砍伐	保留	Kanakanavu_A2-5-61.wav
mangtʉ'ai	短	保留	Kanakanavu_A2-5-62.wav
mangtʉ'e	短	保留	Kanakanavu_A2-5-63.wav
manguru	逃	保留	Kanakanavu_A2-5-64.wav
umanguru	逃	保留	Kanakanavu_A2-5-65.wav
mangʉrʉ	炒（飯菜）	保留	Kanakanavu_A2-5-66.wav
umangʉrʉ	炒（飯菜）	保留	Kanakanavu_A2-5-67.wav
mangʉrʉ	分一半	保留	Kanakanavu_A2-5-68.wav
umangʉrʉ	分一半	保留	Kanakanavu_A2-5-69.wav
mapá’ici	酸	保留	Kanakanavu_A2-5-70.wav
mapitunu	七十	保留	Kanakanavu_A2-5-71.wav
mapitʉ'ʉ	黑暗	保留	Kanakanavu_A2-5-72.wav
mapúnarʉ	寬（空間）；寬敞	保留	Kanakanavu_A2-5-73.wav
mapurai	推	保留	Kanakanavu_A2-5-74.wav
puraion	推	保留	Kanakanavu_A2-5-75.wav
mapusan	二十	保留	Kanakanavu_A2-5-76.wav
mapu'a	賣出	保留	Kanakanavu_A2-5-77.wav
mara	拿取	保留	Kanakanavu_A2-5-78.wav
umara	拿取	保留	Kanakanavu_A2-5-79.wav
maramʉ	挑選；撿	保留	Kanakanavu_A2-5-80.wav
marangʉ	老人；長者	保留	Kanakanavu_A2-5-81.wav
marápici	剪；割；剖切	保留	Kanakanavu_A2-5-82.wav
marípici	剪；割；剖切	保留	Kanakanavu_A2-5-83.wav
mararuai	分道揚鑣	保留	Kanakanavu_A2-5-84.wav
mara'an	快速	保留	Kanakanavu_A2-5-85.wav
marikʉcʉ́kʉcʉ	踩踏	保留	Kanakanavu_A2-5-86.wav
marikʉrʉ	搗；舂搗	保留	Kanakanavu_A2-5-87.wav
arikʉroo	搗；舂搗	保留	Kanakanavu_A2-5-88.wav
maripusiam	收割稻米（有手的動作）	保留	Kanakanavu_A2-5-89.wav
marisauvu	聞	保留	Kanakanavu_A2-5-90.wav
marisovu	聞	保留	Kanakanavu_A2-5-91.wav
marisiki	掃；打掃	保留	Kanakanavu_A2-5-92.wav
marisinatʉ	書寫；讀書（有手的動作）	保留	Kanakanavu_A2-5-93.wav
marisúsuna	呼喊	保留	Kanakanavu_A2-5-94.wav
marisʉ’ʉrʉ	拉（手用繩子拉人或動物）	保留	Kanakanavu_A2-5-95.wav
marítarʉ	等待	保留	Kanakanavu_A2-5-96.wav
marívari	回答	保留	Kanakanavu_A2-5-97.wav
marivi	懷抱	保留	Kanakanavu_A2-5-98.wav
marivina'ʉ	收割小米（有手的動作）	保留	Kanakanavu_A2-5-99.wav
marivivini	跟隨在後；之後；最後	保留	Kanakanavu_A2-5-100.wav
marivuarʉ	掀開（衣物、被褥）	保留	Kanakanavu_A2-5-101.wav
marivura'ʉ	打（用手、棍子、繩子、軟管等器物）	保留	Kanakanavu_A2-5-102.wav
mari'urú'uru	拖；拉（重物）	保留	Kanakanavu_A2-5-103.wav
maruun	八十	保留	Kanakanavu_A2-5-104.wav
marʉkurapʉ	獸類；動物	保留	Kanakanavu_A2-5-105.wav
marʉmʉcʉ	洗（身體）；洗澡	保留	Kanakanavu_A2-5-106.wav
marʉngʉcai	高	保留	Kanakanavu_A2-5-107.wav
marʉngʉtʉnʉ	瘦弱	保留	Kanakanavu_A2-5-108.wav
marʉrʉ	鋸	保留	Kanakanavu_A2-5-109.wav
marʉ'ʉ	愛；愛護；疼愛	保留	Kanakanavu_A2-5-110.wav
masakʉnʉ	珍惜	保留	Kanakanavu_A2-5-111.wav
kasakʉnʉ	珍惜	保留	Kanakanavu_A2-5-112.wav
masarapʉ	癢	保留	Kanakanavu_A2-5-113.wav
masarʉnpʉ	睏（想睡覺）	保留	Kanakanavu_A2-5-114.wav
masasʉpʉ	打瞌睡；打哈欠	保留	Kanakanavu_A2-5-115.wav
masicucuru	說真話	保留	Kanakanavu_A2-5-116.wav
masii	才；使之	保留	Kanakanavu_A2-5-117.wav
masíkusa	往（某方向、地區）	保留	Kanakanavu_A2-5-118.wav
masinang	紅色	保留	Kanakanavu_A2-5-119.wav
masini	現在	保留	Kanakanavu_A2-5-120.wav
masiin	現在	保留	Kanakanavu_A2-5-121.wav
mahiin	現在	保留	Kanakanavu_A2-5-122.wav
masipʉcʉ	洗（衣物）	保留	Kanakanavu_A2-5-123.wav
masipʉngcʉ	折斷	保留	Kanakanavu_A2-5-124.wav
masiʉn	九十	保留	Kanakanavu_A2-5-125.wav
masivʉnʉ	折彎	保留	Kanakanavu_A2-5-126.wav
masúmacʉ	硬（如獸皮）堅韌的	保留	Kanakanavu_A2-5-127.wav
masʉpatʉnʉ	四十	保留	Kanakanavu_A2-5-128.wav
masʉpatʉʉn	四十	保留	Kanakanavu_A2-5-129.wav
mataa	和；與	保留	Kanakanavu_A2-5-130.wav
matakuríkuri	滾落	保留	Kanakanavu_A2-5-131.wav
matanganai	取名；指名	保留	Kanakanavu_A2-5-132.wav
patanganai	取名；指名	保留	Kanakanavu_A2-5-133.wav
matángiri	小心；謹慎	保留	Kanakanavu_A2-5-134.wav
matapari'i	掉落	保留	Kanakanavu_A2-5-135.wav
matárava	到（某時間點或地點）	保留	Kanakanavu_A2-5-136.wav
matasa'ai	躺	保留	Kanakanavu_A2-5-137.wav
mata'ʉ	生的；未熟的	保留	Kanakanavu_A2-5-138.wav
mata'ʉnai	下來（到地面）	保留	Kanakanavu_A2-5-139.wav
matiananai	開始	保留	Kanakanavu_A2-5-140.wav
matikiri	牽（扶）著（人、牛）	保留	Kanakanavu_A2-5-141.wav
matimanʉngʉ	好好的做某事	保留	Kanakanavu_A2-5-142.wav
matimanʉʉng	好好的做某事	保留	Kanakanavu_A2-5-143.wav
patimanʉngʉ	好好的做某事	保留	Kanakanavu_A2-5-144.wav
matípuri	放棄；鬆手	保留	Kanakanavu_A2-5-145.wav
matirupangʉ	做完	保留	Kanakanavu_A2-5-146.wav
matisa'ʉ	抓；捉；捕抓	保留	Kanakanavu_A2-5-147.wav
mati'ʉnʉ́'ʉna	重做；修理	保留	Kanakanavu_A2-5-148.wav
matupuru	生火	保留	Kanakanavu_A2-5-149.wav
matuapuru	生火	保留	Kanakanavu_A2-5-150.wav
matuun	三十	保留	Kanakanavu_A2-5-151.wav
mátʉa	一樣；相同	保留	Kanakanavu_A2-5-152.wav
matʉnʉsʉ	遇到；相遇	保留	Kanakanavu_A2-5-153.wav
mava	揹負（用背帶）	保留	Kanakanavu_A2-5-154.wav
mavangʉ	熟（瓜果、穀物或食物）	保留	Kanakanavu_A2-5-155.wav
mavaang	熟（瓜果、穀物或食物）	保留	Kanakanavu_A2-5-156.wav
mavangʉ	橘色	保留	Kanakanavu_A2-5-157.wav
mavaang	橘色	保留	Kanakanavu_A2-5-158.wav
mavakan	寬（物品）	保留	Kanakanavu_A2-5-159.wav
mavici	帶；攜帶	保留	Kanakanavu_A2-5-160.wav
umavici	帶；攜帶	保留	Kanakanavu_A2-5-161.wav
mavúca'ʉ	軟	保留	Kanakanavu_A2-5-162.wav
mavucʉrʉkʉ	飽	保留	Kanakanavu_A2-5-163.wav
mavʉrʉ́vʉrʉ	晃動；搖動（自然）	保留	Kanakanavu_A2-5-164.wav
mavʉvʉ taniara	陰天（昏暗的天）	保留	Kanakanavu_A2-5-165.wav
ma’angírisi	肥（有油脂）	保留	Kanakanavu_A2-5-166.wav
ma'asʉngʉ	打噴嚏	保留	Kanakanavu_A2-5-167.wav
ma'avu	溫的；溫暖	保留	Kanakanavu_A2-5-168.wav
ma'icʉpʉ	害怕	保留	Kanakanavu_A2-5-169.wav
ma'inacʉ	直的	保留	Kanakanavu_A2-5-170.wav
ma’unu	揹負（用揹簍，支撐點在頭部）	保留	Kanakanavu_A2-5-171.wav
uma’unu	揹負（用揹簍，支撐點在頭部）	保留	Kanakanavu_A2-5-172.wav
ma’ura	小的（體積小如石頭、魚蝦）	保留	Kanakanavu_A2-5-173.wav
meesua	當時；那時	保留	Kanakanavu_A2-5-174.wav
miaasua	當時；那時	保留	Kanakanavu_A2-5-175.wav
meehua	當時；那時	保留	Kanakanavu_A2-5-176.wav
meetusa	千	保留	Kanakanavu_A2-5-177.wav
me'icunu	重	保留	Kanakanavu_A2-5-178.wav
me'ecunu	重	保留	Kanakanavu_A2-5-179.wav
mia	我們（排除式）	保留	Kanakanavu_A2-5-180.wav
miácara	照顧；看護	保留	Kanakanavu_A2-5-181.wav
mécara	照顧；看護	保留	Kanakanavu_A2-5-182.wav
miacicini	自己一人；獨自一人	保留	Kanakanavu_A2-5-183.wav
miacicin	自己一人；獨自一人	保留	Kanakanavu_A2-5-184.wav
miácu'u	渴	保留	Kanakanavu_A2-5-185.wav
mécu'u	渴	保留	Kanakanavu_A2-5-186.wav
miapacai	殺（人、牲畜）	保留	Kanakanavu_A2-5-187.wav
mepacai	殺（人、牲畜）	保留	Kanakanavu_A2-5-188.wav
miaranau	久	保留	Kanakanavu_A2-5-189.wav
miatancani	前天	保留	Kanakanavu_A2-5-190.wav
mia'acipi	殺牲畜（處理有腳的動物如豬牛羊）	保留	Kanakanavu_A2-5-191.wav
miciri	倒出來；溢出來	保留	Kanakanavu_A2-5-192.wav
Mikongu	收穫祭	保留	Kanakanavu_A2-5-193.wav
Mikoong	收穫祭	保留	Kanakanavu_A2-5-194.wav
mima	喝（用杯子）	保留	Kanakanavu_A2-5-195.wav
minmana	何時（已發生）	保留	Kanakanavu_A2-5-196.wav
mintasʉ	厲害；有力氣；有力量	保留	Kanakanavu_A2-5-197.wav
mingane	飛	保留	Kanakanavu_A2-5-198.wav
míri'i	滿（裝水）	保留	Kanakanavu_A2-5-199.wav
misee	說；心想；以為	保留	Kanakanavu_A2-5-200.wav
miseni	為什麼；怎麼	保留	Kanakanavu_A2-5-201.wav
miseen	為什麼；怎麼	保留	Kanakanavu_A2-5-202.wav
mita	我們（包含式）；咱們	保留	Kanakanavu_A2-5-203.wav
miʉra	昨天	保留	Kanakanavu_A2-5-204.wav
mivu	小便	保留	Kanakanavu_A2-5-205.wav
moon	在；待在	保留	Kanakanavu_A2-5-206.wav
poon	在；待在	保留	Kanakanavu_A2-5-207.wav
móravu	餓	保留	Kanakanavu_A2-5-208.wav
móvua	給；贈送	保留	Kanakanavu_A2-5-209.wav
vʉʉn	給；贈送	保留	Kanakanavu_A2-5-210.wav
mu	你們	保留	Kanakanavu_A2-5-211.wav
muca	走；離開	保留	Kanakanavu_A2-5-212.wav
mucaca	走路	保留	Kanakanavu_A2-5-213.wav
mucanʉ	走去	保留	Kanakanavu_A2-5-214.wav
múciri	站立	保留	Kanakanavu_A2-5-215.wav
’apuciri	站立	保留	Kanakanavu_A2-5-216.wav
mucunu	燒	保留	Kanakanavu_A2-5-217.wav
mocun	燒	保留	Kanakanavu_A2-5-218.wav
múkusa	去（某方向）	保留	Kanakanavu_A2-5-219.wav
mókusa	去（某方向）	保留	Kanakanavu_A2-5-220.wav
mukʉrʉ	摸；觸摸	保留	Kanakanavu_A2-5-221.wav
mukʉrʉ	拿著；握著	保留	Kanakanavu_A2-5-222.wav
ukʉrʉʉn	拿著；握著	保留	Kanakanavu_A2-5-223.wav
mumu	乳房	保留	Kanakanavu_A2-5-224.wav
mumʉkʉ	種植	保留	Kanakanavu_A2-5-225.wav
mumʉnʉ	捆綁	保留	Kanakanavu_A2-5-226.wav
mupacai	累（累壞了）；辛苦	保留	Kanakanavu_A2-5-227.wav
mupana'ʉ	射；擲射	保留	Kanakanavu_A2-5-228.wav
múpara	爬（建物）；攀爬	保留	Kanakanavu_A2-5-229.wav
mupucu	包（東西）	保留	Kanakanavu_A2-5-230.wav
murakʉrakʉ	爬行	保留	Kanakanavu_A2-5-231.wav
muranʉ	幫忙	保留	Kanakanavu_A2-5-232.wav
muraan	幫忙	保留	Kanakanavu_A2-5-233.wav
moraan	幫忙	保留	Kanakanavu_A2-5-234.wav
uranʉʉn	幫忙	保留	Kanakanavu_A2-5-235.wav
murungisaa	呼吸（指活的）	保留	Kanakanavu_A2-5-236.wav
mururu	塗（口紅；油漆）；抹	保留	Kanakanavu_A2-5-237.wav
mururu	擦拭	保留	Kanakanavu_A2-5-238.wav
muru'ucangʉ	結婚（互為配偶或互相拿）	保留	Kanakanavu_A2-5-239.wav
’arupara	結婚（互為配偶或互相拿）	保留	Kanakanavu_A2-5-240.wav
musikarʉ	進入	保留	Kanakanavu_A2-5-241.wav
musu	你	保留	Kanakanavu_A2-5-242.wav
musucara'ʉ	流血	保留	Kanakanavu_A2-5-243.wav
musukʉmʉ	痛；生病	保留	Kanakanavu_A2-5-244.wav
musurai	摔出去	保留	Kanakanavu_A2-5-245.wav
musutacunu	跳（往下跳）；下去；下來	保留	Kanakanavu_A2-5-246.wav
musutanpʉ	足夠	保留	Kanakanavu_A2-5-247.wav
musutavʉrʉ	浸泡（某人泡在水裡）	保留	Kanakanavu_A2-5-248.wav
musutucu'u	漏水；滴水	保留	Kanakanavu_A2-5-249.wav
musutupuku	跌倒	保留	Kanakanavu_A2-5-250.wav
musuvʉrʉsai	跳（原地跳）	保留	Kanakanavu_A2-5-251.wav
musuvʉrʉse	跳（原地跳）	保留	Kanakanavu_A2-5-252.wav
musʉ'ʉ	放置；存放	保留	Kanakanavu_A2-5-253.wav
usʉ’ʉn	放置；存放	保留	Kanakanavu_A2-5-254.wav
muta'i	大便	保留	Kanakanavu_A2-5-255.wav
muvʉngʉ	藏；收藏	保留	Kanakanavu_A2-5-256.wav
uvʉngʉʉn	藏；收藏	保留	Kanakanavu_A2-5-257.wav
mu'iarʉ	慢慢的	保留	Kanakanavu_A2-5-258.wav
mʉna	百	保留	Kanakanavu_A2-5-259.wav
mʉna	捆（所捆綁的）	保留	Kanakanavu_A2-5-260.wav
mʉ́rʉpʉ	濕的	保留	Kanakanavu_A2-5-261.wav
Nakasayana	平地人；漢人；閩南人；中文	保留	Kanakanavu_A2-6-1.wav
Pakísia	平地人；漢人；閩南人；中文	保留	Kanakanavu_A2-6-2.wav
namasʉ	一半；一對物品的某一半	保留	Kanakanavu_A2-6-3.wav
nanakʉ	女性；女人；妻子；太太；雌性	保留	Kanakanavu_A2-6-4.wav
nanmarua	青年	保留	Kanakanavu_A2-6-5.wav
nanmarua nanakʉ	少女；小姐	保留	Kanakanavu_A2-6-6.wav
nánnakʉ	女性；女人（複數）	保留	Kanakanavu_A2-6-7.wav
nannare	蟬	保留	Kanakanavu_A2-6-8.wav
nanu	哪裡	保留	Kanakanavu_A2-6-9.wav
nanʉmʉ	六（數人）	保留	Kanakanavu_A2-6-10.wav
narávarʉ	懶惰	保留	Kanakanavu_A2-6-11.wav
natʉngʉ	青菜	保留	Kanakanavu_A2-6-12.wav
navungu	頭	保留	Kanakanavu_A2-6-13.wav
navuung	頭	保留	Kanakanavu_A2-6-14.wav
neni	什麼	保留	Kanakanavu_A2-6-15.wav
neen	什麼	保留	Kanakanavu_A2-6-16.wav
neni	誰	保留	Kanakanavu_A2-6-17.wav
neen	誰	保留	Kanakanavu_A2-6-18.wav
nesi	這裡	保留	Kanakanavu_A2-6-19.wav
ni	他們	保留	Kanakanavu_A2-6-20.wav
niaracakana	獵物	保留	Kanakanavu_A2-6-21.wav
niaratumurua canumu	深潭	保留	Kanakanavu_A2-6-22.wav
niatumuru canumu	水深處；湖泊	保留	Kanakanavu_A2-6-23.wav
nimúru'u	血；血液	保留	Kanakanavu_A2-6-24.wav
nivanga	香蕉（熟成的）	保留	Kanakanavu_A2-6-25.wav
noo	如果	保留	Kanakanavu_A2-6-26.wav
ucaniava	如果	保留	Kanakanavu_A2-6-27.wav
nuaceni	明年	保留	Kanakanavu_A2-6-28.wav
nuaceen	明年	保留	Kanakanavu_A2-6-29.wav
nuirina	習俗	保留	Kanakanavu_A2-6-30.wav
nukai	或	保留	Kanakanavu_A2-6-31.wav
nokai	或	保留	Kanakanavu_A2-6-32.wav
nukanmana	何時	保留	Kanakanavu_A2-6-33.wav
nukunmana	何時	保留	Kanakanavu_A2-6-34.wav
minmana（已發生）	何時	保留	Kanakanavu_A2-6-35.wav
numanʉ	刀；獵刀	保留	Kanakanavu_A2-6-36.wav
numaan	刀；獵刀	保留	Kanakanavu_A2-6-37.wav
numanʉ	鐵器	保留	Kanakanavu_A2-6-38.wav
numaan	鐵器	保留	Kanakanavu_A2-6-39.wav
nungnung	小溪；溪谷	保留	Kanakanavu_A2-6-40.wav
nura	明天	保留	Kanakanavu_A2-6-41.wav
nutancani	明天	保留	Kanakanavu_A2-6-42.wav
nʉmʉ	明天	保留	Kanakanavu_A2-6-43.wav
ngaca'ʉ	根部；根源	保留	Kanakanavu_A2-7-1.wav
nganai	名字	保留	Kanakanavu_A2-7-2.wav
ngai	口水	保留	Kanakanavu_A2-7-3.wav
ngai	痰	保留	Kanakanavu_A2-7-4.wav
Ngaingai	客家人	保留	Kanakanavu_A2-7-5.wav
ngiau	貓	保留	Kanakanavu_A2-7-6.wav
ngisaa	氣息；呼吸；有生命的狀態	保留	Kanakanavu_A2-7-7.wav
nguai	就是；尤其	保留	Kanakanavu_A2-7-8.wav
nguain	他	保留	Kanakanavu_A2-7-9.wav
nguani	他們	保留	Kanakanavu_A2-7-10.wav
ngʉkau	猴子	保留	Kanakanavu_A2-7-11.wav
pa	還；尚；一下（客氣）	保留	Kanakanavu_A2-8-1.wav
pacʉpʉngʉ	想；想念	保留	Kanakanavu_A2-8-2.wav
pacʉpʉʉng	想；想念	保留	Kanakanavu_A2-8-3.wav
pacʉpʉcʉpʉngʉ	想；想念	保留	Kanakanavu_A2-8-4.wav
Pakísia	平地人；漢人；閩南人；中文	保留	Kanakanavu_A2-8-5.wav
Nakasayana	平地人；漢人；閩南人；中文	保留	Kanakanavu_A2-8-6.wav
pakíturu	答應；願意	保留	Kanakanavu_A2-8-7.wav
pangarʉ	矛	保留	Kanakanavu_A2-8-8.wav
pangi	杵	保留	Kanakanavu_A2-8-9.wav
pangka（日語）	桌子	保留	Kanakanavu_A2-8-10.wav
pangka siarisinatʉ	書桌；書寫處	保留	Kanakanavu_A2-8-11.wav
pangtan	鳳梨	保留	Kanakanavu_A2-8-12.wav
papeni	多少（人）	保留	Kanakanavu_A2-8-13.wav
papeen	多少（人）	保留	Kanakanavu_A2-8-14.wav
papitu	七（數人）	保留	Kanakanavu_A2-8-15.wav
paracani	唱歌	保留	Kanakanavu_A2-8-16.wav
paratʉ	閃電	保留	Kanakanavu_A2-8-17.wav
parai	糯米	保留	Kanakanavu_A2-8-18.wav
parékava	犁	保留	Kanakanavu_A2-8-19.wav
páriku	追	保留	Kanakanavu_A2-8-20.wav
pariapara	風	保留	Kanakanavu_A2-8-21.wav
pasa'ʉcai	清理；整理	保留	Kanakanavu_A2-8-22.wav
pasiin	說（某人對某人說）	保留	Kanakanavu_A2-8-23.wav
patanamʉ	模仿；仿效	保留	Kanakanavu_A2-8-24.wav
patanamʉ	練習	保留	Kanakanavu_A2-8-25.wav
pa'ici	酒	保留	Kanakanavu_A2-8-26.wav
paira	經常；常常	保留	Kanakanavu_A2-8-27.wav
paisi	大腿	保留	Kanakanavu_A2-8-28.wav
pesi	大腿	保留	Kanakanavu_A2-8-29.wav
pepe	麻糬（純糯米無配料）	保留	Kanakanavu_A2-8-30.wav
pinárupu	釣魚	保留	Kanakanavu_A2-8-31.wav
pini	咬人貓	保留	Kanakanavu_A2-8-32.wav
pipiningi	外面；外頭	保留	Kanakanavu_A2-8-33.wav
pitu	七（數數）	保留	Kanakanavu_A2-8-34.wav
pi'inʉvʉ	關上	保留	Kanakanavu_A2-8-35.wav
pókari	呼喊；邀請	保留	Kanakanavu_A2-8-36.wav
pokaríkari	說話	保留	Kanakanavu_A2-8-37.wav
potucucuru	相信	保留	Kanakanavu_A2-8-38.wav
po’ucipi	煮（飯、菜、肉、地瓜）	保留	Kanakanavu_A2-8-39.wav
puka	貓頭鷹	保留	Kanakanavu_A2-8-40.wav
pupunga	竹筒	保留	Kanakanavu_A2-8-41.wav
puri'i	吐出來	保留	Kanakanavu_A2-8-42.wav
puruvuku	繫或插上（皮帶）	保留	Kanakanavu_A2-8-43.wav
pusiam	稻穀（未去殼）；稻子	保留	Kanakanavu_A2-8-44.wav
pusu'anʉ	扛；提；抬；搬運	保留	Kanakanavu_A2-8-45.wav
pusu’aan	扛；提；抬；搬運	保留	Kanakanavu_A2-8-46.wav
putairi	踢	保留	Kanakanavu_A2-8-47.wav
puteri	踢	保留	Kanakanavu_A2-8-48.wav
putukikio	工作	保留	Kanakanavu_A2-8-49.wav
putuvʉrʉkʉ	打開蓋子	保留	Kanakanavu_A2-8-50.wav
putu'ʉnʉvʉ	打開門	保留	Kanakanavu_A2-8-51.wav
pu'a	買（入）	保留	Kanakanavu_A2-8-52.wav
pu'ʉʉn	賣出	保留	Kanakanavu_A2-8-53.wav
mapu'a	賣出	保留	Kanakanavu_A2-8-54.wav
puarʉ	跛腳	保留	Kanakanavu_A2-8-55.wav
puiri	換；替換	保留	Kanakanavu_A2-8-56.wav
puisia	禁忌	保留	Kanakanavu_A2-8-57.wav
pui’i	回（來、去）	保留	Kanakanavu_A2-8-58.wav
pʉnʉ	餌（魚、獵餌）	保留	Kanakanavu_A2-8-59.wav
pʉrʉkʉ	肚臍；壁虎；田螺	保留	Kanakanavu_A2-8-60.wav
ramisi	根（植物）	保留	Kanakanavu_A2-9-1.wav
ramucu	手	保留	Kanakanavu_A2-9-2.wav
rapatʉ	皮（樹或瓜果）	保留	Kanakanavu_A2-9-3.wav
rapúnarʉ	沖毀	保留	Kanakanavu_A2-9-4.wav
rapʉ	種子	保留	Kanakanavu_A2-9-5.wav
rararu	八（數人）	保留	Kanakanavu_A2-9-6.wav
rarima	五（數人）	保留	Kanakanavu_A2-9-7.wav
rarʉ	飛鼠	保留	Kanakanavu_A2-9-8.wav
rarʉngʉ	葉子	保留	Kanakanavu_A2-9-9.wav
rarʉʉng	葉子	保留	Kanakanavu_A2-9-10.wav
ravuku	沙子	保留	Kanakanavu_A2-9-11.wav
rima	五（數數）	保留	Kanakanavu_A2-9-12.wav
ringai	陷阱	保留	Kanakanavu_A2-9-13.wav
rocu	下方（某之下）	保留	Kanakanavu_A2-9-14.wav
roimi	忘記	保留	Kanakanavu_A2-9-15.wav
rovana	晚上；夜晚	保留	Kanakanavu_A2-9-16.wav
rumarapʉ	播種	保留	Kanakanavu_A2-9-17.wav
rumara'isi	咬	保留	Kanakanavu_A2-9-18.wav
rumarʉ	燒墾；火燒山	保留	Kanakanavu_A2-9-19.wav
rumarʉ'ʉ	吞下	保留	Kanakanavu_A2-9-20.wav
rupacʉ	弓	保留	Kanakanavu_A2-9-21.wav
rʉmʉra	叢林；深山	保留	Kanakanavu_A2-9-22.wav
rʉ'ʉvʉ	同伴；伴侶	保留	Kanakanavu_A2-9-23.wav
saa	或	保留	Kanakanavu_A2-10-1.wav
saisi	下巴	保留	Kanakanavu_A2-10-2.wav
sana	那裡（說者與聽者都看不見）	保留	Kanakanavu_A2-10-3.wav
sapániri	鞋子	保留	Kanakanavu_A2-10-4.wav
sapuarʉ	網子	保留	Kanakanavu_A2-10-5.wav
sarunai	男性；男人；丈夫；先生；雄性	保留	Kanakanavu_A2-10-6.wav
saronai	男性；男人；丈夫；先生；雄性	保留	Kanakanavu_A2-10-7.wav
sasia	九（數人）	保留	Kanakanavu_A2-10-8.wav
sasʉ́patʉ	四（數人）	保留	Kanakanavu_A2-10-9.wav
saviki	檳榔	保留	Kanakanavu_A2-10-10.wav
’aviki（日語）	檳榔	保留	Kanakanavu_A2-10-11.wav
savuana	藥	保留	Kanakanavu_A2-10-12.wav
seto（日語）	學生	保留	Kanakanavu_A2-10-13.wav
sia	九（數數）	保留	Kanakanavu_A2-10-14.wav
sian	（我）這裡	保留	Kanakanavu_A2-10-15.wav
siarapici	剪刀	保留	Kanakanavu_A2-10-16.wav
hasami（日語）	剪刀	保留	Kanakanavu_A2-10-17.wav
siaritungu	木瓜	保留	Kanakanavu_A2-10-18.wav
siarituung	木瓜	保留	Kanakanavu_A2-10-19.wav
serituung	木瓜	保留	Kanakanavu_A2-10-20.wav
siarupaca	使用	保留	Kanakanavu_A2-10-21.wav
sii	因為	保留	Kanakanavu_A2-10-22.wav
siking （日語）	肥皂	保留	Kanakanavu_A2-10-23.wav
sikúrapʉ	蚊子	保留	Kanakanavu_A2-10-24.wav
sinangʉ	光線；光源；照明	保留	Kanakanavu_A2-10-25.wav
sinaang	光線；光源；照明	保留	Kanakanavu_A2-10-26.wav
sinatʉ	紙張；信件	保留	Kanakanavu_A2-10-27.wav
sinatʉ	書；文字	保留	Kanakanavu_A2-10-28.wav
sisini	綉眼畫眉鳥；靈鳥	保留	Kanakanavu_A2-10-29.wav
si'icʉpʉ	睡覺	保留	Kanakanavu_A2-10-30.wav
si'inʉva	門	保留	Kanakanavu_A2-10-31.wav
sóravu	颱風	保留	Kanakanavu_A2-10-32.wav
sovungu	分配、分送（東西）	保留	Kanakanavu_A2-10-33.wav
suan	（你）那裡	保留	Kanakanavu_A2-10-34.wav
sumasima'ʉ	玩；玩耍	保留	Kanakanavu_A2-10-35.wav
sumasingsing	刷洗（物品）	保留	Kanakanavu_A2-10-36.wav
sumasʉngʉrʉ	浸泡（某物例如糯米）	保留	Kanakanavu_A2-10-37.wav
sumasʉpʉrʉ	數；算；唸書（唸出聲音）	保留	Kanakanavu_A2-10-38.wav
sumasuruvai	借（借入、借出）	保留	Kanakanavu_A2-10-39.wav
sumasuruve	借（借入、借出）	保留	Kanakanavu_A2-10-40.wav
sumipʉkʉrʉ	閉（眼睛）	保留	Kanakanavu_A2-10-41.wav
suruvuo	借去	保留	Kanakanavu_A2-10-42.wav
sʉ́patʉ	四（數數）	保留	Kanakanavu_A2-10-43.wav
taa	走（催促）	保留	Kanakanavu_A2-11-1.wav
tacau	狗	保留	Kanakanavu_A2-11-2.wav
tacini	一（數人）	保留	Kanakanavu_A2-11-3.wav
taciin	一（數人）	保留	Kanakanavu_A2-11-4.wav
tacuru	尖端；尖的地方	保留	Kanakanavu_A2-11-5.wav
takacicin	自己做；自行做；獨自做；主動做	保留	Kanakanavu_A2-11-6.wav
takacicini	自己做；自行做；獨自做；主動做	保留	Kanakanavu_A2-11-7.wav
takarura	青蛙	保留	Kanakanavu_A2-11-8.wav
takituturua	老師	保留	Kanakanavu_A2-11-9.wav
takupin	碗	保留	Kanakanavu_A2-11-10.wav
takupirípiri	閃亮的	保留	Kanakanavu_A2-11-11.wav
takuisi	羊	保留	Kanakanavu_A2-11-12.wav
takʉkʉa	老鷹	保留	Kanakanavu_A2-11-13.wav
rʉkʉpʉ	老鷹	保留	Kanakanavu_A2-11-14.wav
takʉrʉma	螞蟻	保留	Kanakanavu_A2-11-15.wav
tamcurunga	蜻蜓	保留	Kanakanavu_A2-11-16.wav
tammi	地瓜；甘藷	保留	Kanakanavu_A2-11-17.wav
tamtasai	星星	保留	Kanakanavu_A2-11-18.wav
tamtitu	小狗	保留	Kanakanavu_A2-11-19.wav
tamia’aa	商店；販賣的地方	保留	Kanakanavu_A2-11-20.wav
tamu	祖父、母	保留	Kanakanavu_A2-11-21.wav
tamu nanakʉ	祖母；外婆；女性長者	保留	Kanakanavu_A2-11-22.wav
tamu sarunai	祖父；外公；男性長者	保留	Kanakanavu_A2-11-23.wav
tamu'iarʉ	勤勞	保留	Kanakanavu_A2-11-24.wav
tanasa	家屋；房子	保留	Kanakanavu_A2-11-25.wav
tanaha	家屋；房子	保留	Kanakanavu_A2-11-26.wav
tanasa mucaca	車子（字面涵義為走路的家）	保留	Kanakanavu_A2-11-27.wav
tanasʉn	部落	保留	Kanakanavu_A2-11-28.wav
puraku（日語）	部落	保留	Kanakanavu_A2-11-29.wav
taniara	日子；日	保留	Kanakanavu_A2-11-30.wav
taniara kakangca	天候	保留	Kanakanavu_A2-11-31.wav
taniarʉ	太陽	保留	Kanakanavu_A2-11-32.wav
taníngari	歪；斜	保留	Kanakanavu_A2-11-33.wav
tanuku	杯子；杓子	保留	Kanakanavu_A2-11-34.wav
tanʉkʉ	芋頭	保留	Kanakanavu_A2-11-35.wav
tantanau	森林；樹多之處	保留	Kanakanavu_A2-11-36.wav
tantanniara	天天	保留	Kanakanavu_A2-11-37.wav
tangria（借詞）	朋友	保留	Kanakanavu_A2-11-38.wav
tangtang	南瓜	保留	Kanakanavu_A2-11-39.wav
tangʉca	鼻子	保留	Kanakanavu_A2-11-40.wav
tangʉrʉ́ngʉrʉ	木耳	保留	Kanakanavu_A2-11-41.wav
taparu	豆類	保留	Kanakanavu_A2-11-42.wav
tapasavuana	醫院	保留	Kanakanavu_A2-11-43.wav
tapasʉ	顏色；圖紋；圖畫	保留	Kanakanavu_A2-11-44.wav
tapau	縫隙；間隙	保留	Kanakanavu_A2-11-45.wav
tapi	揹簍	保留	Kanakanavu_A2-11-46.wav
tapinange	鳥	保留	Kanakanavu_A2-11-47.wav
tapininga	庭院；院子；平坦的小區域	保留	Kanakanavu_A2-11-48.wav
tapúnia	白色	保留	Kanakanavu_A2-11-49.wav
tarako	洞；孔；洞穴	保留	Kanakanavu_A2-11-50.wav
tarako parʉna	岩洞	保留	Kanakanavu_A2-11-51.wav
tarasangai	停止；休息	保留	Kanakanavu_A2-11-52.wav
tarikʉra	臼	保留	Kanakanavu_A2-11-53.wav
tarimu	大鋤頭	保留	Kanakanavu_A2-11-54.wav
tariri	過貓	保留	Kanakanavu_A2-11-55.wav
tarisi	繩索	保留	Kanakanavu_A2-11-56.wav
tarisinata	學校	保留	Kanakanavu_A2-11-57.wav
tarukuka	雞	保留	Kanakanavu_A2-11-58.wav
tarucung	傘	保留	Kanakanavu_A2-11-59.wav
taru'an	工寮；寮屋	保留	Kanakanavu_A2-11-60.wav
tarʉkʉpa	圍籬	保留	Kanakanavu_A2-11-61.wav
tasini	辣	保留	Kanakanavu_A2-11-62.wav
tasinʉva	窗戶	保留	Kanakanavu_A2-11-63.wav
tassa	二（數人）	保留	Kanakanavu_A2-11-64.wav
tatarʉ	床舖	保留	Kanakanavu_A2-11-65.wav
tatia	大	保留	Kanakanavu_A2-11-66.wav
taturu	三（數人）	保留	Kanakanavu_A2-11-67.wav
taucʉng	乖巧	保留	Kanakanavu_A2-11-68.wav
Tauruu	大陸人；外省人	保留	Kanakanavu_A2-11-69.wav
tavara'ʉ	知道；會；懂；可以	保留	Kanakanavu_A2-11-70.wav
tavarʉ'ʉ	知道；會；懂；可以	保留	Kanakanavu_A2-11-71.wav
tavárunga	胸部	保留	Kanakanavu_A2-11-72.wav
tavini ramucu	手指	保留	Kanakanavu_A2-11-73.wav
tavukua	腰部；掛腰帶或皮帶的地方	保留	Kanakanavu_A2-11-74.wav
tavununga	香菇	保留	Kanakanavu_A2-11-75.wav
tavʉnʉvʉnʉ	香蕉（尚未熟成的）	保留	Kanakanavu_A2-11-76.wav
ta'ainsu	湯匙	保留	Kanakanavu_A2-11-77.wav
ta'ensu	湯匙	保留	Kanakanavu_A2-11-78.wav
ta'anna	蝴蝶	保留	Kanakanavu_A2-11-79.wav
ta'i	大便；糞便；屎	保留	Kanakanavu_A2-11-80.wav
ta'ica	臀部	保留	Kanakanavu_A2-11-81.wav
ta'uici	瘦（身材）	保留	Kanakanavu_A2-11-82.wav
ta'uici	細	保留	Kanakanavu_A2-11-83.wav
ta'ʉnʉ	椅子	保留	Kanakanavu_A2-11-84.wav
ta'ʉʉn	椅子	保留	Kanakanavu_A2-11-85.wav
ta'ʉrʉm	黑色	保留	Kanakanavu_A2-11-86.wav
tee	他們	保留	Kanakanavu_A2-11-87.wav
tímcara	高遠的上方	保留	Kanakanavu_A2-11-88.wav
tikirimi	尋找	保留	Kanakanavu_A2-11-89.wav
tikuru	衣服	保留	Kanakanavu_A2-11-90.wav
tina'an	身體；瘦肉	保留	Kanakanavu_A2-11-91.wav
tingami（日語）	信件	保留	Kanakanavu_A2-11-92.wav
tingasʉ	吃剩的	保留	Kanakanavu_A2-11-93.wav
tisikara	裡面；內部	保留	Kanakanavu_A2-11-94.wav
ti'ingai	小的	保留	Kanakanavu_A2-11-95.wav
ti'inge	小的	保留	Kanakanavu_A2-11-96.wav
ti'ingi	小的	保留	Kanakanavu_A2-11-97.wav
ti'iing	小的	保留	Kanakanavu_A2-11-98.wav
ti'ingai	一點；一些；少許；小	保留	Kanakanavu_A2-11-99.wav
ti'inge	一點；一些；少許；小	保留	Kanakanavu_A2-11-100.wav
ti'ingi	一點；一些；少許；小	保留	Kanakanavu_A2-11-101.wav
ti'iing	一點；一些；少許；小	保留	Kanakanavu_A2-11-102.wav
tomi（日語）	麵條	保留	Kanakanavu_A2-11-103.wav
tómarʉ	篩；篩子	保留	Kanakanavu_A2-11-104.wav
tongingi	老鼠	保留	Kanakanavu_A2-11-105.wav
torʉrʉ	咳	保留	Kanakanavu_A2-11-106.wav
totasiarʉ	早上	保留	Kanakanavu_A2-11-107.wav
tota'ia	廁所	保留	Kanakanavu_A2-11-108.wav
to'umangʉ	竹子	保留	Kanakanavu_A2-11-109.wav
to'umaang	竹子	保留	Kanakanavu_A2-11-110.wav
to'urua	前面；前方	保留	Kanakanavu_A2-11-111.wav
tucu'u	水滴	保留	Kanakanavu_A2-11-112.wav
tuísua	成為；擔任	保留	Kanakanavu_A2-11-113.wav
tuku	小鋤頭	保留	Kanakanavu_A2-11-114.wav
tukunu	心臟	保留	Kanakanavu_A2-11-115.wav
tumatacucu	送（運送）	保留	Kanakanavu_A2-11-116.wav
tumataini	丟棄	保留	Kanakanavu_A2-11-117.wav
tumateni	丟棄	保留	Kanakanavu_A2-11-118.wav
tumatakʉ́takʉ	砍除；砍草；鋤草	保留	Kanakanavu_A2-11-119.wav
tumatang	哭	保留	Kanakanavu_A2-11-120.wav
tumatapini	縫補	保留	Kanakanavu_A2-11-121.wav
tumata’isi	編織	保留	Kanakanavu_A2-11-122.wav
tumatimana	聽	保留	Kanakanavu_A2-11-123.wav
tumatini	掛	保留	Kanakanavu_A2-11-124.wav
tumatúturu	教；教導；告訴	保留	Kanakanavu_A2-11-125.wav
tungtung	鐵鎚	保留	Kanakanavu_A2-11-126.wav
tupuru	坐下	保留	Kanakanavu_A2-11-127.wav
turu	三（數數）	保留	Kanakanavu_A2-11-128.wav
turupangʉ	完成；結束	保留	Kanakanavu_A2-11-129.wav
tutui	豬	保留	Kanakanavu_A2-11-130.wav
tʉkʉ	耳朵	保留	Kanakanavu_A2-11-131.wav
tʉnʉkai	頂端（樹頂）	保留	Kanakanavu_A2-11-132.wav
tʉvʉsʉ	甘蔗	保留	Kanakanavu_A2-11-133.wav
uaru	八（數物）	保留	Kanakanavu_A2-12-1.wav
ucani	一（數物）	保留	Kanakanavu_A2-12-2.wav
ucaniava	如果；萬一	保留	Kanakanavu_A2-12-3.wav
umaan	十（數物）	保留	Kanakanavu_A2-12-4.wav
umanguru	逃	保留	Kanakanavu_A2-12-5.wav
manguru	逃	保留	Kanakanavu_A2-12-6.wav
umara	拿取	保留	Kanakanavu_A2-12-7.wav
mara	拿取	保留	Kanakanavu_A2-12-8.wav
umavici	帶；攜帶	保留	Kanakanavu_A2-12-9.wav
mavici	帶；攜帶	保留	Kanakanavu_A2-12-10.wav
umucucu	吸取；抽取	保留	Kanakanavu_A2-12-11.wav
umunini	地震	保留	Kanakanavu_A2-12-12.wav
umu'ututu	放屁	保留	Kanakanavu_A2-12-13.wav
unʉmʉ	六（數物）	保留	Kanakanavu_A2-12-14.wav
upeni	多少（物）	保留	Kanakanavu_A2-12-15.wav
upeen	多少（物）	保留	Kanakanavu_A2-12-16.wav
upitu	七（數物）	保留	Kanakanavu_A2-12-17.wav
urima	五（數物）	保留	Kanakanavu_A2-12-18.wav
urucin	二（數物）	保留	Kanakanavu_A2-12-19.wav
usia	九（數物）	保留	Kanakanavu_A2-12-20.wav
usʉ́patʉ	四（數物）	保留	Kanakanavu_A2-12-21.wav
uturu	三（數物）	保留	Kanakanavu_A2-12-22.wav
u'ungu	角（動物的）	保留	Kanakanavu_A2-12-23.wav
vu'ungu	角（動物的）	保留	Kanakanavu_A2-12-24.wav
ʉcʉ	雲	保留	Kanakanavu_A2-13-1.wav
ʉrangʉ	苧麻	保留	Kanakanavu_A2-13-2.wav
ʉrʉna	雪；冰	保留	Kanakanavu_A2-13-3.wav
ʉʉ'ʉ	好的；是的（應答別人的話）	保留	Kanakanavu_A2-13-4.wav
ʉ'ʉrʉ	脖子	保留	Kanakanavu_A2-13-5.wav
vai	手足	保留	Kanakanavu_A2-14-1.wav
vakure	山藥	保留	Kanakanavu_A2-14-2.wav
vakʉrʉ	傷口	保留	Kanakanavu_A2-14-3.wav
vanai sii	因為	保留	Kanakanavu_A2-14-4.wav
sii	因為	保留	Kanakanavu_A2-14-5.wav
vara'ʉ	肝臟	保留	Kanakanavu_A2-14-6.wav
vara'ʉ	肺	保留	Kanakanavu_A2-14-7.wav
vatu	石頭	保留	Kanakanavu_A2-14-8.wav
vavuru	山豬	保留	Kanakanavu_A2-14-9.wav
vankavuka	褲子	保留	Kanakanavu_A2-14-10.wav
vántuku	錢；貨幣	保留	Kanakanavu_A2-14-11.wav
viaru	玉米	保留	Kanakanavu_A2-14-12.wav
vina'ʉ	小米	保留	Kanakanavu_A2-14-13.wav
virávira	雞冠	保留	Kanakanavu_A2-14-14.wav
vo'in	眼睛	保留	Kanakanavu_A2-14-15.wav
vo'órua	新的	保留	Kanakanavu_A2-14-16.wav
vuanʉ	月亮	保留	Kanakanavu_A2-14-17.wav
vuan	月亮	保留	Kanakanavu_A2-14-18.wav
vuku	腰帶；皮帶	保留	Kanakanavu_A2-14-19.wav
vunai	蛇	保留	Kanakanavu_A2-14-20.wav
vungavung	花朵	保留	Kanakanavu_A2-14-21.wav
vuru	箭矢	保留	Kanakanavu_A2-14-22.wav
vutúkuru	魚	保留	Kanakanavu_A2-14-23.wav
vʉcʉkai	中間；之間	保留	Kanakanavu_A2-14-24.wav
vʉcʉke	中間；之間	保留	Kanakanavu_A2-14-25.wav
vʉcʉkʉ	肚子	保留	Kanakanavu_A2-14-26.wav
vʉkʉsʉ	頭髮	保留	Kanakanavu_A2-14-27.wav
vʉra	果肉；肉（質）	保留	Kanakanavu_A2-14-28.wav
vʉra	米粒；穀粒	保留	Kanakanavu_A2-14-29.wav
vʉra kʉkʉ	小腿肚	保留	Kanakanavu_A2-14-30.wav
vʉrʉka	蓋子	保留	Kanakanavu_A2-14-31.wav
vʉrʉ́ngana	深夜	保留	Kanakanavu_A2-14-32.wav
acecu	去了；走了	保留	Kanakanavu_A2-15-1.wav
acipi	腳	保留	Kanakanavu_A2-15-2.wav
acuu	去了；已經	保留	Kanakanavu_A2-15-3.wav
akia (na)	不（在）	保留	Kanakanavu_A2-15-4.wav
akia	沒有（某物）	保留	Kanakanavu_A2-15-5.wav
akuni	不要；別	保留	Kanakanavu_A2-15-6.wav
amácara	上面；上方	保留	Kanakanavu_A2-15-7.wav
amurocu	下面；下方	保留	Kanakanavu_A2-15-8.wav
aniacanga	肩膀	保留	Kanakanavu_A2-15-9.wav
aniura	蒼蠅	保留	Kanakanavu_A2-15-10.wav
anuka	指甲；獸印	保留	Kanakanavu_A2-15-11.wav
angírisi	豬肉	保留	Kanakanavu_A2-15-12.wav
apacʉvʉrʉ	養育；養殖；飼養	保留	Kanakanavu_A2-15-13.wav
apaica	透過	保留	Kanakanavu_A2-15-14.wav
apakʉnʉ	餵食	保留	Kanakanavu_A2-15-15.wav
apasavuana	上藥；治療	保留	Kanakanavu_A2-15-16.wav
apasuruvai	使借去；借給	保留	Kanakanavu_A2-15-17.wav
apasʉ	螃蟹	保留	Kanakanavu_A2-15-18.wav
apunanangʉ	鬼（罵人）	保留	Kanakanavu_A2-15-19.wav
apuru	火	保留	Kanakanavu_A2-15-20.wav
apu'a	使買	保留	Kanakanavu_A2-15-21.wav
arai	苧麻線；生麻紗；麻絲	保留	Kanakanavu_A2-15-22.wav
arai	素麻線	保留	Kanakanavu_A2-15-23.wav
aramʉ	肉	保留	Kanakanavu_A2-15-24.wav
arasakai	蝦	保留	Kanakanavu_A2-15-25.wav
arating	夾子	保留	Kanakanavu_A2-15-26.wav
aravang si'inʉva	門口；入口	保留	Kanakanavu_A2-15-27.wav
aricang	樹豆	保留	Kanakanavu_A2-15-28.wav
arupacʉ'ʉra pa	再見	保留	Kanakanavu_A2-15-29.wav
’arupara	結婚（互相拿）	保留	Kanakanavu_A2-15-30.wav
aruvu	屋頂	保留	Kanakanavu_A2-15-31.wav
atatavangʉ	蟑螂	保留	Kanakanavu_A2-15-32.wav
au	湯	保留	Kanakanavu_A2-15-33.wav
avangʉ	豬槽；船	保留	Kanakanavu_A2-15-34.wav
avasʉ	舌頭	保留	Kanakanavu_A2-15-35.wav
esi	正在；在（某處）	保留	Kanakanavu_A2-15-36.wav
iciuru	蛋；卵	保留	Kanakanavu_A2-15-37.wav
‘inanuin	哪一個	保留	Kanakanavu_A2-15-38.wav
’inia	他；他們；那裡	保留	Kanakanavu_A2-15-39.wav
‘inmámia	只；僅只	保留	Kanakanavu_A2-15-40.wav
íntasʉ	力量	保留	Kanakanavu_A2-15-41.wav
‘iseeng	醫生	保留	Kanakanavu_A2-15-42.wav
itúmuru	多（物）	保留	Kanakanavu_A2-15-43.wav
‘uai	黃藤	保留	Kanakanavu_A2-15-44.wav
’ue	黃藤	保留	Kanakanavu_A2-15-45.wav
‘ucangʉ	配偶	保留	Kanakanavu_A2-15-46.wav
ucu	垃圾	保留	Kanakanavu_A2-15-47.wav
ucu	柱子（建築）	保留	Kanakanavu_A2-15-48.wav
ucu	鬼（不好的）	保留	Kanakanavu_A2-15-49.wav
uia	湯鍋	保留	Kanakanavu_A2-15-50.wav
uici	藤類	保留	Kanakanavu_A2-15-51.wav
uma'atipi	按；壓	保留	Kanakanavu_A2-15-52.wav
uma'atʉpʉ	擁抱	保留	Kanakanavu_A2-15-53.wav
uma'a'a	磨利	保留	Kanakanavu_A2-15-54.wav
uma'urú'uru	切（肉、瓜果）；剁	保留	Kanakanavu_A2-15-55.wav
ume	梅子	保留	Kanakanavu_A2-15-56.wav
‘umó’uma	田；耕作地	保留	Kanakanavu_A2-15-57.wav
’umu’anupu	狗獵	保留	Kanakanavu_A2-15-58.wav
’umu’ʉcanʉ	下雨	保留	Kanakanavu_A2-15-59.wav
una	有；存在動詞	保留	Kanakanavu_A2-15-60.wav
’uru	飯	保留	Kanakanavu_A2-15-61.wav
’utori （日語）	跳舞	保留	Kanakanavu_A2-15-62.wav
’ʉcanʉ	雨	保留	Kanakanavu_A2-15-63.wav
ʉcʉpʉ	夢	保留	Kanakanavu_A2-15-64.wav
ʉmʉca	咽喉	保留	Kanakanavu_A2-15-65.wav
ʉmʉca	喉嚨	保留	Kanakanavu_A2-15-66.wav
ʉna	故事	保留	Kanakanavu_A2-15-67.wav
’ʉnai	土地；泥土	保留	Kanakanavu_A2-15-68.wav
’ʉnʉ	枕頭	保留	Kanakanavu_A2-15-69.wav
’ʉngaa（借詞）	種苗；秧苗	保留	Kanakanavu_A2-15-70.wav
’ʉngaa karu	樹苗	保留	Kanakanavu_A2-15-71.wav
’ʉrʉcan	雷	保留	Kanakanavu_A2-15-72.wav
’ʉrʉcʉ	脊椎	保留	Kanakanavu_A2-15-73.wav
’ʉvʉ	膝蓋；煙	保留	Kanakanavu_A2-15-74.wav
