族語	中文翻譯	從語料庫移除	覆寫音檔網址	音檔網址
ado	因為	保留		http://ilrdc.tw/grammar/sound/5/A2-1-1.mp3
aguh	來（叫人來）	保留		http://ilrdc.tw/grammar/sound/5/A2-1-2.mp3
ahing	肩膀	保留		http://ilrdc.tw/grammar/sound/5/A2-1-3.mp3
alang	部落；區域	保留		http://ilrdc.tw/grammar/sound/5/A2-1-4.mp3
ali	日子	保留		http://ilrdc.tw/grammar/sound/5/A2-1-5.mp3
ane	舅子（丈夫與妻子兄弟之互稱）	保留		http://ilrdc.tw/grammar/sound/5/A2-1-6.mp3
asi	馬上；立即；就	保留		http://ilrdc.tw/grammar/sound/5/A2-1-7.mp3
asi ka	一定	保留		http://ilrdc.tw/grammar/sound/5/A2-1-8.mp3
asi maku	因而；因此	保留		http://ilrdc.tw/grammar/sound/5/A2-1-9.mp3
asi melux / asi lux	因而；因此	保留		http://ilrdc.tw/grammar/sound/5/A2-1-10.mp3
asuw	船	保留		http://ilrdc.tw/grammar/sound/5/A2-1-11.mp3
atak	剪刀	保留		http://ilrdc.tw/grammar/sound/5/A2-1-12.mp3
babuy	豬	保留		http://ilrdc.tw/grammar/sound/5/A2-2-1.mp3
baciq	肥皂；無患子	保留		http://ilrdc.tw/grammar/sound/5/A2-2-2.mp3
baga	手	保留		http://ilrdc.tw/grammar/sound/5/A2-2-3.mp3
bais	窗戶	保留		http://ilrdc.tw/grammar/sound/5/A2-2-4.mp3
baka	足夠	保留		http://ilrdc.tw/grammar/sound/5/A2-2-5.mp3
baki	祖父；外公；岳父；男性長者	保留		http://ilrdc.tw/grammar/sound/5/A2-2-6.mp3
bale	真的；真正的	保留		http://ilrdc.tw/grammar/sound/5/A2-2-7.mp3
balung	蛋；卵	保留		http://ilrdc.tw/grammar/sound/5/A2-2-8.mp3
baro	肺	保留		http://ilrdc.tw/grammar/sound/5/A2-2-9.mp3
baro	上方（正上方）	保留		http://ilrdc.tw/grammar/sound/5/A2-2-10.mp3
baruy / bari / maruy / mari	買（買入、賣出）	保留		http://ilrdc.tw/grammar/sound/5/A2-2-11.mp3
bbaro	高；長	保留		http://ilrdc.tw/grammar/sound/5/A2-2-12.mp3
bbuyu	森林	保留		http://ilrdc.tw/grammar/sound/5/A2-2-13.mp3
bcebac	剖切	保留		http://ilrdc.tw/grammar/sound/5/A2-2-14.mp3
beebu	打（用手）	保留		http://ilrdc.tw/grammar/sound/5/A2-2-15.mp3
begu	湯	保留		http://ilrdc.tw/grammar/sound/5/A2-2-16.mp3
behing	工寮；獵寮	保留		http://ilrdc.tw/grammar/sound/5/A2-2-17.mp3
beling	洞；孔；洞穴	保留		http://ilrdc.tw/grammar/sound/5/A2-2-18.mp3
beluh	豆類	保留		http://ilrdc.tw/grammar/sound/5/A2-2-19.mp3
berah	前面；前方	保留		http://ilrdc.tw/grammar/sound/5/A2-2-20.mp3
beras	米	保留		http://ilrdc.tw/grammar/sound/5/A2-2-21.mp3
beyax	力量	保留		http://ilrdc.tw/grammar/sound/5/A2-2-22.mp3
bgihur	風	保留		http://ilrdc.tw/grammar/sound/5/A2-2-23.mp3
bgihur paru	颱風	保留		http://ilrdc.tw/grammar/sound/5/A2-2-24.mp3
bgurah	新的	保留		http://ilrdc.tw/grammar/sound/5/A2-2-25.mp3
bhege	白色	保留		http://ilrdc.tw/grammar/sound/5/A2-2-26.mp3
bibi	鴨	保留		http://ilrdc.tw/grammar/sound/5/A2-2-27.mp3
biciq	小的；少	保留		http://ilrdc.tw/grammar/sound/5/A2-2-28.mp3
bindo	檳榔	保留		http://ilrdc.tw/grammar/sound/5/A2-2-29.mp3
birac	耳朵	保留		http://ilrdc.tw/grammar/sound/5/A2-2-30.mp3
bkeluy	下巴	保留		http://ilrdc.tw/grammar/sound/5/A2-2-31.mp3
blebu	矮；短	保留		http://ilrdc.tw/grammar/sound/5/A2-2-32.mp3
blebun	香蕉	保留		http://ilrdc.tw/grammar/sound/5/A2-2-33.mp3
bleyaq	好好做某事	保留		http://ilrdc.tw/grammar/sound/5/A2-2-34.mp3
bnaquy	沙子	保留		http://ilrdc.tw/grammar/sound/5/A2-2-35.mp3
bobo	上（之上）	保留		http://ilrdc.tw/grammar/sound/5/A2-2-36.mp3
bobo na	之後；接續	保留		http://ilrdc.tw/grammar/sound/5/A2-2-37.mp3
bolung	蝦	保留		http://ilrdc.tw/grammar/sound/5/A2-2-38.mp3
boyak	山豬	保留		http://ilrdc.tw/grammar/sound/5/A2-2-39.mp3
brayo	姑婆芋	保留		http://ilrdc.tw/grammar/sound/5/A2-2-40.mp3
brkawe	李子	保留		http://ilrdc.tw/grammar/sound/5/A2-2-41.mp3
bruru	女用揹籃	保留		http://ilrdc.tw/grammar/sound/5/A2-2-42.mp3
bruwa	雷	保留		http://ilrdc.tw/grammar/sound/5/A2-2-43.mp3
bsaniq	禁忌	保留		http://ilrdc.tw/grammar/sound/5/A2-2-44.mp3
bsiyaq	久	保留		http://ilrdc.tw/grammar/sound/5/A2-2-45.mp3
bsukan	酒醉	保留		http://ilrdc.tw/grammar/sound/5/A2-2-46.mp3
btakan	竹子	保留		http://ilrdc.tw/grammar/sound/5/A2-2-47.mp3
bteriq	大腿	保留		http://ilrdc.tw/grammar/sound/5/A2-2-48.mp3
btuku; rrigan	篩；篩子	保留		http://ilrdc.tw/grammar/sound/5/A2-2-49.mp3
btunux	石頭	保留		http://ilrdc.tw/grammar/sound/5/A2-2-50.mp3
bubu	母親	保留		http://ilrdc.tw/grammar/sound/5/A2-2-51.mp3
budi	弓箭	保留		http://ilrdc.tw/grammar/sound/5/A2-2-52.mp3
bukuy	背部（背後）；後面	保留		http://ilrdc.tw/grammar/sound/5/A2-2-53.mp3
bunga	地瓜；甘藷	保留		http://ilrdc.tw/grammar/sound/5/A2-2-54.mp3
bunuh	帽子	保留		http://ilrdc.tw/grammar/sound/5/A2-2-55.mp3
caic	褲子	保留		http://ilrdc.tw/grammar/sound/5/A2-3-1.mp3
camac	獵物	保留		http://ilrdc.tw/grammar/sound/5/A2-3-2.mp3
ckceka	中間；之間	保留		http://ilrdc.tw/grammar/sound/5/A2-3-4.mp3
cenga	縫隙；間隙	保留		http://ilrdc.tw/grammar/sound/5/A2-3-5.mp3
chedil	重	保留		http://ilrdc.tw/grammar/sound/5/A2-3-6.mp3
cida	樹枝	保留		http://ilrdc.tw/grammar/sound/5/A2-3-7.mp3
ciga	昨天	保留		http://ilrdc.tw/grammar/sound/5/A2-3-8.mp3
ciida	當時	保留		http://ilrdc.tw/grammar/sound/5/A2-3-9.mp3
clokah / slokah	輕（重量）	保留		http://ilrdc.tw/grammar/sound/5/A2-3-10.mp3
cmebu	射；擲射	保留		http://ilrdc.tw/grammar/sound/5/A2-3-11.mp3
cmehaq	舔	保留		http://ilrdc.tw/grammar/sound/5/A2-3-12.mp3
cmhungi	忘記	保留		http://ilrdc.tw/grammar/sound/5/A2-3-13.mp3
cmikul	推	保留		http://ilrdc.tw/grammar/sound/5/A2-3-14.mp3
cmiyuk	回答	保留		http://ilrdc.tw/grammar/sound/5/A2-3-15.mp3
cmucac	舊的	保留		http://ilrdc.tw/grammar/sound/5/A2-3-16.mp3
cnkaxa	前天	保留		http://ilrdc.tw/grammar/sound/5/A2-3-17.mp3
cuqi	竹杯；竹筒	保留		http://ilrdc.tw/grammar/sound/5/A2-4-1.mp3
dadan	親戚	保留		http://ilrdc.tw/grammar/sound/5/A2-4-2.mp3
daha	二	保留		http://ilrdc.tw/grammar/sound/5/A2-4-3.mp3
daha ka / daka	和；與	保留		http://ilrdc.tw/grammar/sound/5/A2-4-5.mp3
daha; dheya; ndheya	他們	保留		http://ilrdc.tw/grammar/sound/5/A2-4-6.mp3
daling	近	保留		http://ilrdc.tw/grammar/sound/5/A2-4-7.mp3
damac	菜餚	保留		http://ilrdc.tw/grammar/sound/5/A2-4-8.mp3
dangi	朋友	保留		http://ilrdc.tw/grammar/sound/5/A2-4-9.mp3
dapa	牛	保留		http://ilrdc.tw/grammar/sound/5/A2-4-10.mp3
daquc; kodung	鉤子	保留		http://ilrdc.tw/grammar/sound/5/A2-4-11.mp3
dara	血；血液	保留		http://ilrdc.tw/grammar/sound/5/A2-4-12.mp3
daya	上面；上方	保留		http://ilrdc.tw/grammar/sound/5/A2-4-13.mp3
dehuk	到達；抵達	保留		http://ilrdc.tw/grammar/sound/5/A2-4-14.mp3
demux	穀粒；米粒	保留		http://ilrdc.tw/grammar/sound/5/A2-4-15.mp3
deur/ deul	種苗；秧苗	保留		http://ilrdc.tw/grammar/sound/5/A2-4-16.mp3
dheran	土地；泥土	保留		http://ilrdc.tw/grammar/sound/5/A2-4-17.mp3
dheya	他們	保留		http://ilrdc.tw/grammar/sound/5/A2-4-18.mp3
diyan	白天	保留		http://ilrdc.tw/grammar/sound/5/A2-4-19.mp3
dmanga	養育	保留		http://ilrdc.tw/grammar/sound/5/A2-4-20.mp3
dmayo	幫忙	保留		http://ilrdc.tw/grammar/sound/5/A2-4-21.mp3
dmeka	分一半	保留		http://ilrdc.tw/grammar/sound/5/A2-4-22.mp3
dmengu	曬乾；烘烤	保留		http://ilrdc.tw/grammar/sound/5/A2-4-23.mp3
dmidil	提；抬	保留		http://ilrdc.tw/grammar/sound/5/A2-4-24.mp3
dmooi / dmoi	拿著	保留		http://ilrdc.tw/grammar/sound/5/A2-4-25.mp3
dnamux	屋頂	保留		http://ilrdc.tw/grammar/sound/5/A2-4-26.mp3
doriq	眼睛	保留		http://ilrdc.tw/grammar/sound/5/A2-4-27.mp3
dqeras	臉	保留		http://ilrdc.tw/grammar/sound/5/A2-4-28.mp3
duhung	臼	保留		http://ilrdc.tw/grammar/sound/5/A2-4-29.mp3
dungan	又；再	保留		http://ilrdc.tw/grammar/sound/5/A2-5-1.mp3
duri	也	保留		http://ilrdc.tw/grammar/sound/5/A2-5-2.mp3
egu	多（物）；多（人）	保留		http://ilrdc.tw/grammar/sound/5/A2-5-3.mp3
eluw	路；道路	保留		http://ilrdc.tw/grammar/sound/5/A2-6-1.mp3
eruc	柱子（建築）	保留		http://ilrdc.tw/grammar/sound/5/A2-6-2.mp3
gaga / ga	那（個）	保留		http://ilrdc.tw/grammar/sound/5/A2-6-3.mp3
gaga	正在	保留		http://ilrdc.tw/grammar/sound/5/A2-6-4.mp3
gaga	在（某處）	保留		http://ilrdc.tw/grammar/sound/5/A2-6-5.mp3
gakac	椅子	保留		http://ilrdc.tw/grammar/sound/5/A2-6-6.mp3
gamin / gamil	根	保留		http://ilrdc.tw/grammar/sound/5/A2-6-7.mp3
gaya	規範；律法；習俗	保留		http://ilrdc.tw/grammar/sound/5/A2-6-8.mp3
gelu	喉嚨	保留		http://ilrdc.tw/grammar/sound/5/A2-6-9.mp3
gemuk	蓋子	保留		http://ilrdc.tw/grammar/sound/5/A2-6-10.mp3
gisu	正在	保留		http://ilrdc.tw/grammar/sound/5/A2-6-11.mp3
gisu	來（要來）	保留		http://ilrdc.tw/grammar/sound/5/A2-6-12.mp3
glahang	寬；寬敞	保留		http://ilrdc.tw/grammar/sound/5/A2-6-13.mp3
gmaalu	愛護；疼愛	保留		http://ilrdc.tw/grammar/sound/5/A2-6-14.mp3
gmao	挑選	保留		http://ilrdc.tw/grammar/sound/5/A2-6-15.mp3
gmbeling	打洞；挖孔	保留		http://ilrdc.tw/grammar/sound/5/A2-6-16.mp3
gmdara	殺牲畜	保留		http://ilrdc.tw/grammar/sound/5/A2-6-17.mp3
gmeeguy	偷竊	保留		http://ilrdc.tw/grammar/sound/5/A2-6-18.mp3
gmegang	粥；稀飯；攪拌	保留		http://ilrdc.tw/grammar/sound/5/A2-6-19.mp3
gmerung	折斷	保留		http://ilrdc.tw/grammar/sound/5/A2-6-20.mp3
gmeyu	砍伐	保留		http://ilrdc.tw/grammar/sound/5/A2-7-1.mp3
guguc	小腿肚	保留		http://ilrdc.tw/grammar/sound/5/A2-7-2.mp3
habik	腰帶	保留		http://ilrdc.tw/grammar/sound/5/A2-7-3.mp3
hako	橋樑；梯子	保留		http://ilrdc.tw/grammar/sound/5/A2-7-4.mp3
Hako Utux	神靈橋；彩虹橋	保留		http://ilrdc.tw/grammar/sound/5/A2-7-5.mp3
hani	剛才	保留		http://ilrdc.tw/grammar/sound/5/A2-7-6.mp3
hbaro	多（人）	保留		http://ilrdc.tw/grammar/sound/5/A2-7-7.mp3
hei	身體；肉；植物果實	保留		http://ilrdc.tw/grammar/sound/5/A2-7-8.mp3
hema	舌頭	保留		http://ilrdc.tw/grammar/sound/5/A2-7-9.mp3
hengak	氣息；個人的聲音、聲頻	保留		http://ilrdc.tw/grammar/sound/5/A2-7-11.mp3
heya	他	保留		http://ilrdc.tw/grammar/sound/5/A2-7-12.mp3
hginuk / hwinuk	腰部	保留		http://ilrdc.tw/grammar/sound/5/A2-7-15.mp3
hido	太陽	保留		http://ilrdc.tw/grammar/sound/5/A2-7-16.mp3
hini	這裡	保留		http://ilrdc.tw/grammar/sound/5/A2-7-17.mp3
hiya / hii	那裡	保留		http://ilrdc.tw/grammar/sound/5/A2-7-18.mp3
hlmadan	堂、表兄弟姐妹	保留		http://ilrdc.tw/grammar/sound/5/A2-7-19.mp3
hmaduc	送（運送）	保留		http://ilrdc.tw/grammar/sound/5/A2-7-20.mp3
hmanguc	煮（菜）	保留		http://ilrdc.tw/grammar/sound/5/A2-7-21.mp3
hmaqul	搬運	保留		http://ilrdc.tw/grammar/sound/5/A2-7-22.mp3
hmeguc	吸取；抽取	保留		http://ilrdc.tw/grammar/sound/5/A2-7-23.mp3
hmilo	蓋被子	保留		http://ilrdc.tw/grammar/sound/5/A2-7-24.mp3
hmiru	照明	保留		http://ilrdc.tw/grammar/sound/5/A2-7-25.mp3
hmubu	蒸	保留		http://ilrdc.tw/grammar/sound/5/A2-7-26.mp3
hmudur	燒墾	保留		http://ilrdc.tw/grammar/sound/5/A2-7-27.mp3
hmuwa	如何	保留		http://ilrdc.tw/grammar/sound/5/A2-8-1.mp3
hrulas	口水	保留		http://ilrdc.tw/grammar/sound/5/A2-8-2.mp3
huda	雪；冰	保留		http://ilrdc.tw/grammar/sound/5/A2-8-3.mp3
huling	狗	保留		http://ilrdc.tw/grammar/sound/5/A2-8-4.mp3
hunac	下面；下方	保留		http://ilrdc.tw/grammar/sound/5/A2-8-5.mp3
icin/ icil	一半；一對物品的某一半（某一個）	保留		http://ilrdc.tw/grammar/sound/5/A2-8-6.mp3
icux	飯匙	保留		http://ilrdc.tw/grammar/sound/5/A2-8-7.mp3
idas	月亮	保留		http://ilrdc.tw/grammar/sound/5/A2-8-8.mp3
ido	飯	保留		http://ilrdc.tw/grammar/sound/5/A2-8-9.mp3
ido rumu; snrrmuwan; gmegang	粥；稀飯	保留		http://ilrdc.tw/grammar/sound/5/A2-8-10.mp3
ima	誰	保留		http://ilrdc.tw/grammar/sound/5/A2-8-11.mp3
ini	不；沒；沒有	保留		http://ilrdc.tw/grammar/sound/5/A2-8-12.mp3
inu	哪裡	保留		http://ilrdc.tw/grammar/sound/5/A2-8-13.mp3
iril / irin	左邊	保留		http://ilrdc.tw/grammar/sound/5/A2-8-14.mp3
ising	醫生	保留		http://ilrdc.tw/grammar/sound/5/A2-9-1.mp3
su	你	保留		http://ilrdc.tw/grammar/sound/5/A2-9-2.mp3
isu	你	保留		http://ilrdc.tw/grammar/sound/5/A2-9-3.mp3
ita	不要；別	保留		http://ilrdc.tw/grammar/sound/5/A2-9-4.mp3
iyu	藥	保留		http://ilrdc.tw/grammar/sound/5/A2-9-5.mp3
kadi	網子	保留		http://ilrdc.tw/grammar/sound/5/A2-9-6.mp3
kagun / kawin	鐮刀	保留		http://ilrdc.tw/grammar/sound/5/A2-9-7.mp3
kanna / kana	全部	保留		http://ilrdc.tw/grammar/sound/5/A2-9-8.mp3
karac	天空；天候	保留		http://ilrdc.tw/grammar/sound/5/A2-9-9.mp3
karang	螃蟹	保留		http://ilrdc.tw/grammar/sound/5/A2-9-10.mp3
kari	語言；話語；故事	保留		http://ilrdc.tw/grammar/sound/5/A2-9-11.mp3
kawas	年；明年	保留		http://ilrdc.tw/grammar/sound/5/A2-9-12.mp3
kbekuy	百	保留		http://ilrdc.tw/grammar/sound/5/A2-9-13.mp3
kdiye	蟬	保留		http://ilrdc.tw/grammar/sound/5/A2-9-14.mp3
kduruk	額頭	保留		http://ilrdc.tw/grammar/sound/5/A2-9-15.mp3
keeman	晚上	保留		http://ilrdc.tw/grammar/sound/5/A2-9-16.mp3
keguy	苧麻	保留		http://ilrdc.tw/grammar/sound/5/A2-9-17.mp3
kehing; wawa baga	手指	保留		http://ilrdc.tw/grammar/sound/5/A2-9-18.mp3
kenan	我	保留		http://ilrdc.tw/grammar/sound/5/A2-9-19.mp3
kenu	哪一個	保留		http://ilrdc.tw/grammar/sound/5/A2-9-20.mp3
Kihilang	客家人	保留		http://ilrdc.tw/grammar/sound/5/A2-9-21.mp3
kingal	一	保留		http://ilrdc.tw/grammar/sound/5/A2-9-22.mp3
kiya / kii	那個；那樣；正是	保留		http://ilrdc.tw/grammar/sound/5/A2-9-23.mp3
kiya ka / kika	所以；因此	保留		http://ilrdc.tw/grammar/sound/5/A2-9-24.mp3
klaali	天天；經常	保留		http://ilrdc.tw/grammar/sound/5/A2-9-25.mp3
klabuy	紙張	保留		http://ilrdc.tw/grammar/sound/5/A2-9-26.mp3
Klmukan	平地人；漢人；閩南人	保留		http://ilrdc.tw/grammar/sound/5/A2-9-27.mp3
kmaguh	抓癢	保留		http://ilrdc.tw/grammar/sound/5/A2-9-28.mp3
kmari	挖掘；挖洞	保留		http://ilrdc.tw/grammar/sound/5/A2-9-29.mp3
kmaro	清理；整理	保留		http://ilrdc.tw/grammar/sound/5/A2-9-30.mp3
kmayak	切（肉、瓜果）	保留		http://ilrdc.tw/grammar/sound/5/A2-9-31.mp3
kmbarux	借（借入、借出）	保留		http://ilrdc.tw/grammar/sound/5/A2-9-32.mp3
kmeeki	跳舞	保留		http://ilrdc.tw/grammar/sound/5/A2-9-33.mp3
kmekul	能夠	保留		http://ilrdc.tw/grammar/sound/5/A2-9-34.mp3
kmeruc	切（菜）；鋸	保留		http://ilrdc.tw/grammar/sound/5/A2-9-35.mp3
kndalax	從（某處；某時）	保留		http://ilrdc.tw/grammar/sound/5/A2-9-36.mp3
knkawas	年齡；歲	保留		http://ilrdc.tw/grammar/sound/5/A2-9-37.mp3
knuwan	何時	保留		http://ilrdc.tw/grammar/sound/5/A2-9-38.mp3
kodung	鉤子	保留		http://ilrdc.tw/grammar/sound/5/A2-9-39.mp3
ku; mu; yaku; naku; nnaku; kenan	我	保留		http://ilrdc.tw/grammar/sound/5/A2-10-1.mp3
kui	蟲	保留		http://ilrdc.tw/grammar/sound/5/A2-10-2.mp3
kuluk	烏龜	保留		http://ilrdc.tw/grammar/sound/5/A2-10-3.mp3
kusun	明天	保留		http://ilrdc.tw/grammar/sound/5/A2-10-4.mp3
kuung	黑暗	保留		http://ilrdc.tw/grammar/sound/5/A2-10-5.mp3
laqi	小孩；孩童	保留		http://ilrdc.tw/grammar/sound/5/A2-10-6.mp3
laqi muuyas	學生	保留		http://ilrdc.tw/grammar/sound/5/A2-10-7.mp3
lexi	竹筍	保留		http://ilrdc.tw/grammar/sound/5/A2-10-8.mp3
lhebun	心；心思；心念	保留		http://ilrdc.tw/grammar/sound/5/A2-10-9.mp3
lhengo	岩洞	保留		http://ilrdc.tw/grammar/sound/5/A2-10-10.mp3
lmabu	包（東西）	保留		http://ilrdc.tw/grammar/sound/5/A2-10-11.mp3
lmanguy	游泳	保留		http://ilrdc.tw/grammar/sound/5/A2-10-12.mp3
lmedax	天亮	保留		http://ilrdc.tw/grammar/sound/5/A2-10-13.mp3
lmeing	藏	保留		http://ilrdc.tw/grammar/sound/5/A2-10-14.mp3
lmepax	磨利	保留		http://ilrdc.tw/grammar/sound/5/A2-10-15.mp3
lmingis	哭	保留		http://ilrdc.tw/grammar/sound/5/A2-11-1.mp3
lmngelung	想；想念	保留		http://ilrdc.tw/grammar/sound/5/A2-11-2.mp3
ludux	頂端；尖端	保留		http://ilrdc.tw/grammar/sound/5/A2-11-4.mp3
lukus	衣服	保留		http://ilrdc.tw/grammar/sound/5/A2-11-5.mp3
luqah	傷口	保留		http://ilrdc.tw/grammar/sound/5/A2-11-6.mp3
ma; daha ka / daka	和；與	保留		http://ilrdc.tw/grammar/sound/5/A2-11-7.mp3
maanu	什麼；幹嘛	保留		http://ilrdc.tw/grammar/sound/5/A2-11-8.mp3
maasuw	分配（東西）	保留		http://ilrdc.tw/grammar/sound/5/A2-11-9.mp3
macu	小米	保留		http://ilrdc.tw/grammar/sound/5/A2-11-10.mp3
madis	帶走；攜帶	保留		http://ilrdc.tw/grammar/sound/5/A2-11-11.mp3
maha	去（要去）；將要去做	保留		http://ilrdc.tw/grammar/sound/5/A2-11-12.mp3
mahu	洗（衣物）	保留		http://ilrdc.tw/grammar/sound/5/A2-11-13.mp3
maku	我+你們（融合式）	保留		http://ilrdc.tw/grammar/sound/5/A2-11-16.mp3
malix	放棄	保留		http://ilrdc.tw/grammar/sound/5/A2-11-17.mp3
malu	好；可以	保留		http://ilrdc.tw/grammar/sound/5/A2-11-18.mp3
mangal	拿取	保留		http://ilrdc.tw/grammar/sound/5/A2-11-19.mp3
mapa	揹負	保留		http://ilrdc.tw/grammar/sound/5/A2-11-20.mp3
matak	剪	保留		http://ilrdc.tw/grammar/sound/5/A2-11-21.mp3
matis	寫	保留		http://ilrdc.tw/grammar/sound/5/A2-11-22.mp3
mawak	牽（扶）著	保留		http://ilrdc.tw/grammar/sound/5/A2-11-23.mp3
maxal	十	保留		http://ilrdc.tw/grammar/sound/5/A2-11-24.mp3
maxal kbekuy	千	保留		http://ilrdc.tw/grammar/sound/5/A2-11-25.mp3
mbserux	懶惰	保留		http://ilrdc.tw/grammar/sound/5/A2-11-26.mp3
mbtunux	漂亮；美麗	保留		http://ilrdc.tw/grammar/sound/5/A2-11-27.mp3
mdakil / mdakin	爬（樹）；爬（植物攀爬）；生長；成長	保留		http://ilrdc.tw/grammar/sound/5/A2-11-28.mp3
mdakil	長大	保留		http://ilrdc.tw/grammar/sound/5/A2-11-29.mp3
mdheriq	滑的；明亮的；亮麗的	保留		http://ilrdc.tw/grammar/sound/5/A2-11-30.mp3
mdrumuc	勤勞	保留		http://ilrdc.tw/grammar/sound/5/A2-11-31.mp3
meepah; qmeepah	工作	保留		http://ilrdc.tw/grammar/sound/5/A2-11-32.mp3
mege	給；贈送	保留		http://ilrdc.tw/grammar/sound/5/A2-11-33.mp3
megul	捆綁（飛禽走獸）	保留		http://ilrdc.tw/grammar/sound/5/A2-11-34.mp3
Mehu	收穫祭	保留		http://ilrdc.tw/grammar/sound/5/A2-11-35.mp3
mekan	吃	保留		http://ilrdc.tw/grammar/sound/5/A2-11-36.mp3
mekuy	捆綁（人、物品、蔬菜）	保留		http://ilrdc.tw/grammar/sound/5/A2-11-37.mp3
meluk	關上	保留		http://ilrdc.tw/grammar/sound/5/A2-11-38.mp3
meluq	生的；未熟的	保留		http://ilrdc.tw/grammar/sound/5/A2-11-39.mp3
memux	抱	保留		http://ilrdc.tw/grammar/sound/5/A2-11-40.mp3
meniq	在；住在；居住	保留		http://ilrdc.tw/grammar/sound/5/A2-11-41.mp3
mepux	按；壓	保留		http://ilrdc.tw/grammar/sound/5/A2-11-42.mp3
mering	汗水	保留		http://ilrdc.tw/grammar/sound/5/A2-11-43.mp3
metaq	刺（以銳器）	保留		http://ilrdc.tw/grammar/sound/5/A2-11-44.mp3
metur	踢	保留		http://ilrdc.tw/grammar/sound/5/A2-11-45.mp3
meeyah / meyah	來	保留		http://ilrdc.tw/grammar/sound/5/A2-11-46.mp3
mgnetun	遇到；相遇	保留		http://ilrdc.tw/grammar/sound/5/A2-11-47.mp3
mgrebu	早上	保留		http://ilrdc.tw/grammar/sound/5/A2-11-48.mp3
mhada	熟（瓜果、穀物或食物）	保留		http://ilrdc.tw/grammar/sound/5/A2-11-49.mp3
mhedu	完成	保留		http://ilrdc.tw/grammar/sound/5/A2-11-50.mp3
mhenuk	軟	保留		http://ilrdc.tw/grammar/sound/5/A2-11-51.mp3
mheyal / mheyan	扛	保留		http://ilrdc.tw/grammar/sound/5/A2-11-52.mp3
mheyu	站立	保留		http://ilrdc.tw/grammar/sound/5/A2-11-53.mp3
mhqeni	渴	保留		http://ilrdc.tw/grammar/sound/5/A2-11-54.mp3
mhulis	笑	保留		http://ilrdc.tw/grammar/sound/5/A2-11-55.mp3
mhuma	種植	保留		http://ilrdc.tw/grammar/sound/5/A2-11-56.mp3
mhuqil	死亡	保留		http://ilrdc.tw/grammar/sound/5/A2-11-57.mp3
mhuriq	濕的	保留		http://ilrdc.tw/grammar/sound/5/A2-11-58.mp3
micux	攪動；划（槳）；舀（飯）	保留		http://ilrdc.tw/grammar/sound/5/A2-11-59.mp3
migin	尋找	保留		http://ilrdc.tw/grammar/sound/5/A2-11-60.mp3
miicuw	害怕	保留		http://ilrdc.tw/grammar/sound/5/A2-11-61.mp3
milo	跳	保留		http://ilrdc.tw/grammar/sound/5/A2-11-62.mp3
mimah	喝	保留		http://ilrdc.tw/grammar/sound/5/A2-11-63.mp3
miric	羊	保留		http://ilrdc.tw/grammar/sound/5/A2-11-64.mp3
misan	冬天	保留		http://ilrdc.tw/grammar/sound/5/A2-11-65.mp3
misu	我+你（融合式）	保留		http://ilrdc.tw/grammar/sound/5/A2-11-66.mp3
miyan	我們（排除式）	保留		http://ilrdc.tw/grammar/sound/5/A2-11-67.mp3
mkaro	爬（建物）；攀爬	保留		http://ilrdc.tw/grammar/sound/5/A2-11-68.mp3
mkaxa	後天	保留		http://ilrdc.tw/grammar/sound/5/A2-11-69.mp3
mkela	知道；會；懂	保留		http://ilrdc.tw/grammar/sound/5/A2-11-70.mp3
mkkarang	爬行	保留		http://ilrdc.tw/grammar/sound/5/A2-11-71.mp3
mkkesa	走路	保留		http://ilrdc.tw/grammar/sound/5/A2-11-72.mp3
mknedux	厚	保留		http://ilrdc.tw/grammar/sound/5/A2-11-73.mp3
mksaro; tqeraq	躺	保留		http://ilrdc.tw/grammar/sound/5/A2-11-74.mp3
mkure	瘦	保留		http://ilrdc.tw/grammar/sound/5/A2-11-75.mp3
mlawa / lmawa	喊；呼喊；邀請	保留		http://ilrdc.tw/grammar/sound/5/A2-11-76.mp3
mlgelu	晃動；搖動	保留		http://ilrdc.tw/grammar/sound/5/A2-11-77.mp3
mlgelu	搖動	保留		http://ilrdc.tw/grammar/sound/5/A2-11-78.mp3
mmsepac	八	保留		http://ilrdc.tw/grammar/sound/5/A2-11-79.mp3
mmsepac kmxalan	八十	保留		http://ilrdc.tw/grammar/sound/5/A2-11-80.mp3
mmteru	六	保留		http://ilrdc.tw/grammar/sound/5/A2-11-81.mp3
mmteru kmxalan	六十	保留		http://ilrdc.tw/grammar/sound/5/A2-11-82.mp3
mnarux	痛；生病	保留		http://ilrdc.tw/grammar/sound/5/A2-11-83.mp3
mngari	九	保留		http://ilrdc.tw/grammar/sound/5/A2-11-84.mp3
mngari kmxalan	九十	保留		http://ilrdc.tw/grammar/sound/5/A2-11-85.mp3
mngihun	辣；苦	保留		http://ilrdc.tw/grammar/sound/5/A2-11-86.mp3
mntena	一樣；相同	保留		http://ilrdc.tw/grammar/sound/5/A2-11-87.mp3
moda	經過	保留		http://ilrdc.tw/grammar/sound/5/A2-11-88.mp3
mopux	翻倒	保留		http://ilrdc.tw/grammar/sound/5/A2-11-89.mp3
mosa /musa	去	保留		http://ilrdc.tw/grammar/sound/5/A2-11-90.mp3
mpaha	放置（要放置）	保留		http://ilrdc.tw/grammar/sound/5/A2-11-91.mp3
mpika	跛腳	保留		http://ilrdc.tw/grammar/sound/5/A2-11-92.mp3
mpitu	七	保留		http://ilrdc.tw/grammar/sound/5/A2-11-93.mp3
mpitu kmxalan	七十	保留		http://ilrdc.tw/grammar/sound/5/A2-11-94.mp3
mpmisan	秋天	保留		http://ilrdc.tw/grammar/sound/5/A2-11-95.mp3
mprbagan	春天	保留		http://ilrdc.tw/grammar/sound/5/A2-11-96.mp3
mptgesa	老師	保留		http://ilrdc.tw/grammar/sound/5/A2-11-97.mp3
mpusan	二十	保留		http://ilrdc.tw/grammar/sound/5/A2-11-98.mp3
mqaras	高興；快樂	保留		http://ilrdc.tw/grammar/sound/5/A2-11-99.mp3
mqbahang	聽	保留		http://ilrdc.tw/grammar/sound/5/A2-11-100.mp3
mqedil	女性；女人	保留		http://ilrdc.tw/grammar/sound/5/A2-11-101.mp3
mqemi	閉（眼睛）	保留		http://ilrdc.tw/grammar/sound/5/A2-11-102.mp3
mquri	往（某個方向、地區）	保留		http://ilrdc.tw/grammar/sound/5/A2-11-103.mp3
mremux	進入	保留		http://ilrdc.tw/grammar/sound/5/A2-11-104.mp3
mriman	五十	保留		http://ilrdc.tw/grammar/sound/5/A2-11-105.mp3
mrkerak	癢	保留		http://ilrdc.tw/grammar/sound/5/A2-11-106.mp3
mrunu	地震	保留		http://ilrdc.tw/grammar/sound/5/A2-11-107.mp3
msange	休息；停止	保留		http://ilrdc.tw/grammar/sound/5/A2-11-108.mp3
msderux	直	保留		http://ilrdc.tw/grammar/sound/5/A2-11-109.mp3
msekuy	冷	保留		http://ilrdc.tw/grammar/sound/5/A2-11-110.mp3
mseyang	生氣；氣憤	保留		http://ilrdc.tw/grammar/sound/5/A2-11-111.mp3
mseyaq	咳	保留		http://ilrdc.tw/grammar/sound/5/A2-11-112.mp3
msklui	嚇一跳	保留		http://ilrdc.tw/grammar/sound/5/A2-11-113.mp3
msliko	快速	保留		http://ilrdc.tw/grammar/sound/5/A2-11-114.mp3
mslleung / msleung	打瞌睡	保留		http://ilrdc.tw/grammar/sound/5/A2-11-115.mp3
mspatun	四十	保留		http://ilrdc.tw/grammar/sound/5/A2-11-116.mp3
msqedil	配偶	保留		http://ilrdc.tw/grammar/sound/5/A2-11-117.mp3
msterung	結婚	保留		http://ilrdc.tw/grammar/sound/5/A2-11-118.mp3
msterung; mgnetun	遇到；相遇	保留		http://ilrdc.tw/grammar/sound/5/A2-11-119.mp3
msurung	陰天	保留		http://ilrdc.tw/grammar/sound/5/A2-11-120.mp3
msuwak	打哈欠	保留		http://ilrdc.tw/grammar/sound/5/A2-11-121.mp3
mswae	分開；再見	保留		http://ilrdc.tw/grammar/sound/5/A2-11-122.mp3
mtakur	跌倒	保留		http://ilrdc.tw/grammar/sound/5/A2-11-123.mp3
mtaqi	睡覺	保留		http://ilrdc.tw/grammar/sound/5/A2-11-124.mp3
mtara / tmara	等待	保留		http://ilrdc.tw/grammar/sound/5/A2-11-125.mp3
mtbasi	酸	保留		http://ilrdc.tw/grammar/sound/5/A2-11-126.mp3
mtbeno	肥碩動物或人	保留		http://ilrdc.tw/grammar/sound/5/A2-11-127.mp3
mtengi	飽	保留		http://ilrdc.tw/grammar/sound/5/A2-11-128.mp3
mterun	三十	保留		http://ilrdc.tw/grammar/sound/5/A2-11-129.mp3
mthuwe	慢慢的	保留		http://ilrdc.tw/grammar/sound/5/A2-11-130.mp3
mtilux	熱；燙	保留		http://ilrdc.tw/grammar/sound/5/A2-11-131.mp3
mtqeran	睏（想睡覺）	保留		http://ilrdc.tw/grammar/sound/5/A2-11-132.mp3
mtswai	兄弟姐妹；手足	保留		http://ilrdc.tw/grammar/sound/5/A2-11-133.mp3
mtuting	掉落；（要）鍛製	保留		http://ilrdc.tw/grammar/sound/5/A2-11-134.mp3
mtutuy	起來；起床	保留		http://ilrdc.tw/grammar/sound/5/A2-11-135.mp3
mu	我（的）	保留		http://ilrdc.tw/grammar/sound/5/A2-11-136.mp3
muduh	烤	保留		http://ilrdc.tw/grammar/sound/5/A2-11-137.mp3
muhing	鼻子	保留		http://ilrdc.tw/grammar/sound/5/A2-11-138.mp3
mutaq	嘔吐	保留		http://ilrdc.tw/grammar/sound/5/A2-12-2.mp3
mutung	點火	保留		http://ilrdc.tw/grammar/sound/5/A2-12-3.mp3
muudus	活的	保留		http://ilrdc.tw/grammar/sound/5/A2-12-4.mp3
muure	餓	保留		http://ilrdc.tw/grammar/sound/5/A2-12-5.mp3
muuwic	累	保留		http://ilrdc.tw/grammar/sound/5/A2-12-6.mp3
muuyas / muuyas uyas	唱歌	保留		http://ilrdc.tw/grammar/sound/5/A2-12-7.mp3
muuyas	讀書	保留		http://ilrdc.tw/grammar/sound/5/A2-12-8.mp3
muyu	模仿；仿效	保留		http://ilrdc.tw/grammar/sound/5/A2-12-9.mp3
na; heya; nheya	他	保留		http://ilrdc.tw/grammar/sound/5/A2-12-10.mp3
naka	應該	保留		http://ilrdc.tw/grammar/sound/5/A2-12-11.mp3
naku	我（的）	保留		http://ilrdc.tw/grammar/sound/5/A2-12-12.mp3
nami; miyan; yami; nnami	我們（排除式）	保留		http://ilrdc.tw/grammar/sound/5/A2-12-13.mp3
namu; yamu; nnamu	你們	保留		http://ilrdc.tw/grammar/sound/5/A2-12-14.mp3
naqah	壞的；不好的	保留		http://ilrdc.tw/grammar/sound/5/A2-12-15.mp3
narac	右邊	保留		http://ilrdc.tw/grammar/sound/5/A2-12-16.mp3
nasi	如果	保留		http://ilrdc.tw/grammar/sound/5/A2-12-17.mp3
nbuyas	肚子	保留		http://ilrdc.tw/grammar/sound/5/A2-12-18.mp3
ndheya	他們（的）	保留		http://ilrdc.tw/grammar/sound/5/A2-12-19.mp3
nduyung	脖子	保留		http://ilrdc.tw/grammar/sound/5/A2-12-20.mp3
neepah	耕作地	保留		http://ilrdc.tw/grammar/sound/5/A2-12-21.mp3
negul	繩索	保留		http://ilrdc.tw/grammar/sound/5/A2-12-22.mp3
neluk	門	保留		http://ilrdc.tw/grammar/sound/5/A2-12-23.mp3
netun; nasi	如果	保留		http://ilrdc.tw/grammar/sound/5/A2-12-24.mp3
nheya	他（的）	保留		http://ilrdc.tw/grammar/sound/5/A2-12-25.mp3
nii	這（個）	保留		http://ilrdc.tw/grammar/sound/5/A2-12-26.mp3
nii; gaga; gisu	正在	保留		http://ilrdc.tw/grammar/sound/5/A2-12-27.mp3
niqan	有；在	保留		http://ilrdc.tw/grammar/sound/5/A2-12-28.mp3
nirih bubu	阿姨；嬸嬸； 姑姑	保留		http://ilrdc.tw/grammar/sound/5/A2-12-29.mp3
nirih tama	叔叔；伯伯	保留		http://ilrdc.tw/grammar/sound/5/A2-12-30.mp3
nisu	你（的）	保留		http://ilrdc.tw/grammar/sound/5/A2-13-1.mp3
nita	我們（的）（包含式）；咱們（的）	保留		http://ilrdc.tw/grammar/sound/5/A2-13-2.mp3
nnaku	我（的）	保留		http://ilrdc.tw/grammar/sound/5/A2-13-3.mp3
nnami	我們（的）（排除式）	保留		http://ilrdc.tw/grammar/sound/5/A2-13-4.mp3
nnamu	你們（的）	保留		http://ilrdc.tw/grammar/sound/5/A2-13-5.mp3
nnisu	你（的）	保留		http://ilrdc.tw/grammar/sound/5/A2-13-6.mp3
nnita	我們（的）（包含式）；咱們（的）	保留		http://ilrdc.tw/grammar/sound/5/A2-14-1.mp3
nunuh	乳房	保留		http://ilrdc.tw/grammar/sound/5/A2-14-2.mp3
nuqah	苧麻線；生麻紗；麻絲	保留		http://ilrdc.tw/grammar/sound/5/A2-14-3.mp3
nganguc	庭院；院子	保留		http://ilrdc.tw/grammar/sound/5/A2-14-4.mp3
ngayan	名字	保留		http://ilrdc.tw/grammar/sound/5/A2-14-5.mp3
ngerac	外面；外頭	保留		http://ilrdc.tw/grammar/sound/5/A2-14-6.mp3
ngiro	香菇	保留		http://ilrdc.tw/grammar/sound/5/A2-14-9.mp3
ngiyo	貓	保留		http://ilrdc.tw/grammar/sound/5/A2-14-10.mp3
ngungu	尾巴；害怕	保留		http://ilrdc.tw/grammar/sound/5/A2-14-11.mp3
pai	祖母；外婆；岳母；女性長者	保留		http://ilrdc.tw/grammar/sound/5/A2-14-12.mp3
papak	腳	保留		http://ilrdc.tw/grammar/sound/5/A2-14-13.mp3
parih	鋤頭	保留		http://ilrdc.tw/grammar/sound/5/A2-14-14.mp3
paru	大	保留		http://ilrdc.tw/grammar/sound/5/A2-14-15.mp3
paru	長大	保留		http://ilrdc.tw/grammar/sound/5/A2-14-16.mp3
patis	書；信件	保留		http://ilrdc.tw/grammar/sound/5/A2-14-17.mp3
paye / pae	稻穀（未去殼）；稻子	保留		http://ilrdc.tw/grammar/sound/5/A2-14-19.mp3
pberih; mutaq	嘔吐	保留		http://ilrdc.tw/grammar/sound/5/A2-14-20.mp3
pcupux	蟑螂	保留		http://ilrdc.tw/grammar/sound/5/A2-14-21.mp3
pdahung	嘴唇	保留		http://ilrdc.tw/grammar/sound/5/A2-14-22.mp3
pdaus	蜻蜓	保留		http://ilrdc.tw/grammar/sound/5/A2-14-23.mp3
phepah	花朵	保留		http://ilrdc.tw/grammar/sound/5/A2-14-24.mp3
pila	錢；貨幣	保留		http://ilrdc.tw/grammar/sound/5/A2-14-25.mp3
piya	多少	保留		http://ilrdc.tw/grammar/sound/5/A2-14-26.mp3
plabu	雲	保留		http://ilrdc.tw/grammar/sound/5/A2-14-27.mp3
plale	蝴蝶	保留		http://ilrdc.tw/grammar/sound/5/A2-14-28.mp3
plaling	釣魚	保留		http://ilrdc.tw/grammar/sound/5/A2-14-29.mp3
Plmukan; Klmukan	平地人；漢人；閩南人	保留		http://ilrdc.tw/grammar/sound/5/A2-14-30.mp3
pngerah / pngerah karac	星星	保留		http://ilrdc.tw/grammar/sound/5/A2-15-1.mp3
pngerah	碗	保留		http://ilrdc.tw/grammar/sound/5/A2-15-2.mp3
pptasan	桌子；書桌；書寫處；作業簿	保留		http://ilrdc.tw/grammar/sound/5/A2-15-3.mp3
ppuqun	食物	保留		http://ilrdc.tw/grammar/sound/5/A2-15-4.mp3
prading	開始	保留		http://ilrdc.tw/grammar/sound/5/A2-15-5.mp3
preko	蚊子	保留		http://ilrdc.tw/grammar/sound/5/A2-15-6.mp3
puniq	火	保留		http://ilrdc.tw/grammar/sound/5/A2-15-7.mp3
pure	煮（飯、肉、地瓜）	保留		http://ilrdc.tw/grammar/sound/5/A2-15-8.mp3
pusu	根源；根部	保留		http://ilrdc.tw/grammar/sound/5/A2-15-9.mp3
puto	短	保留		http://ilrdc.tw/grammar/sound/5/A2-15-10.mp3
puyan	矛	保留		http://ilrdc.tw/grammar/sound/5/A2-15-11.mp3
puyaq	臀部	保留		http://ilrdc.tw/grammar/sound/5/A2-15-12.mp3
qalux	黑色	保留		http://ilrdc.tw/grammar/sound/5/A2-15-13.mp3
qatan / qataq	夾子	保留		http://ilrdc.tw/grammar/sound/5/A2-15-14.mp3
qbheni	鳥	保留		http://ilrdc.tw/grammar/sound/5/A2-15-15.mp3
qbsuran mqedil	姊姊	保留		http://ilrdc.tw/grammar/sound/5/A2-15-16.mp3
qbsuran rseno; qbsuran mqedil	哥哥；姊姊	保留		http://ilrdc.tw/grammar/sound/5/A2-15-17.mp3
qburung; kagun / kawin	鐮刀	保留		http://ilrdc.tw/grammar/sound/5/A2-15-18.mp3
qcurux	魚	保留		http://ilrdc.tw/grammar/sound/5/A2-15-19.mp3
qdiro	老鷹	保留		http://ilrdc.tw/grammar/sound/5/A2-15-20.mp3
qduriq	逃跑	保留		http://ilrdc.tw/grammar/sound/5/A2-15-21.mp3
qedil	妻子；太太	保留		http://ilrdc.tw/grammar/sound/5/A2-15-22.mp3
qelung	木耳；雞冠	保留		http://ilrdc.tw/grammar/sound/5/A2-15-23.mp3
qerul	燒焦；烤焦	保留		http://ilrdc.tw/grammar/sound/5/A2-15-24.mp3
qhuni	樹木；柴薪	保留		http://ilrdc.tw/grammar/sound/5/A2-15-25.mp3
qlapo	床舖	保留		http://ilrdc.tw/grammar/sound/5/A2-15-26.mp3
qmada	丟棄	保留		http://ilrdc.tw/grammar/sound/5/A2-15-27.mp3
qmagas	山藥	保留		http://ilrdc.tw/grammar/sound/5/A2-15-28.mp3
qmburung	收割；割（稻、芒草、牧草）	保留		http://ilrdc.tw/grammar/sound/5/A2-15-29.mp3
qmecul	擰	保留		http://ilrdc.tw/grammar/sound/5/A2-15-30.mp3
qmeepah	工作	保留		http://ilrdc.tw/grammar/sound/5/A2-15-31.mp3
qmemul	餵食	保留		http://ilrdc.tw/grammar/sound/5/A2-15-32.mp3
qmerac	抓；捉	保留		http://ilrdc.tw/grammar/sound/5/A2-15-33.mp3
qmerac / qmeraq	捕抓	保留		http://ilrdc.tw/grammar/sound/5/A2-15-34.mp3
qmilic	剝果皮	保留		http://ilrdc.tw/grammar/sound/5/A2-15-35.mp3
qmita	看	保留		http://ilrdc.tw/grammar/sound/5/A2-15-36.mp3
qmiyuc	咬	保留		http://ilrdc.tw/grammar/sound/5/A2-15-37.mp3
qmlahang	照顧；看護	保留		http://ilrdc.tw/grammar/sound/5/A2-15-38.mp3
qmleqah	踩踏	保留		http://ilrdc.tw/grammar/sound/5/A2-15-39.mp3
qmquduq	胳肢癢	保留		http://ilrdc.tw/grammar/sound/5/A2-15-40.mp3
qmulah	鋤草	保留		http://ilrdc.tw/grammar/sound/5/A2-15-41.mp3
qmuluh	剃髮	保留		http://ilrdc.tw/grammar/sound/5/A2-15-42.mp3
qmuti	大便；上大號	保留		http://ilrdc.tw/grammar/sound/5/A2-15-43.mp3
qnedis	長	保留		http://ilrdc.tw/grammar/sound/5/A2-15-44.mp3
qolic	老鼠	保留		http://ilrdc.tw/grammar/sound/5/A2-15-45.mp3
qpatun/ qpatur	青蛙	保留		http://ilrdc.tw/grammar/sound/5/A2-16-1.mp3
qraqin / qraqil	皮（人或動物）；皮膚	保留		http://ilrdc.tw/grammar/sound/5/A2-16-2.mp3
qrengul	煙	保留		http://ilrdc.tw/grammar/sound/5/A2-16-3.mp3
qsiya	水	保留		http://ilrdc.tw/grammar/sound/5/A2-16-4.mp3
qtahi	螞蟻	保留		http://ilrdc.tw/grammar/sound/5/A2-16-5.mp3
qtehur	胖（人）；粗（物）	保留		http://ilrdc.tw/grammar/sound/5/A2-16-6.mp3
qumi	針	保留		http://ilrdc.tw/grammar/sound/5/A2-16-7.mp3
quti	糞便；屎	保留		http://ilrdc.tw/grammar/sound/5/A2-16-8.mp3
quwaq	嘴巴	保留		http://ilrdc.tw/grammar/sound/5/A2-16-9.mp3
quyu	蛇	保留		http://ilrdc.tw/grammar/sound/5/A2-16-10.mp3
quyux	雨	保留		http://ilrdc.tw/grammar/sound/5/A2-16-11.mp3
qwarux	黃鱔藤	保留		http://ilrdc.tw/grammar/sound/5/A2-16-12.mp3
rabi	夜；夜晚	保留		http://ilrdc.tw/grammar/sound/5/A2-16-13.mp3
rako	顏色；圖紋	保留		http://ilrdc.tw/grammar/sound/5/A2-16-14.mp3
rapic	飛鼠	保留		http://ilrdc.tw/grammar/sound/5/A2-16-15.mp3
raqic	箭矢	保留		http://ilrdc.tw/grammar/sound/5/A2-16-16.mp3
rawa	籃子	保留		http://ilrdc.tw/grammar/sound/5/A2-16-17.mp3
rbagan	夏天	保留		http://ilrdc.tw/grammar/sound/5/A2-16-18.mp3
rcilung	水深處；湖泊	保留		http://ilrdc.tw/grammar/sound/5/A2-16-19.mp3
rebu	尿	保留		http://ilrdc.tw/grammar/sound/5/A2-16-20.mp3
rehak	種子	保留		http://ilrdc.tw/grammar/sound/5/A2-16-21.mp3
rehaq	皮（樹或瓜果）；鶽；鷲	保留		http://ilrdc.tw/grammar/sound/5/A2-16-22.mp3
reko	高瘦（身材）	保留		http://ilrdc.tw/grammar/sound/5/A2-16-23.mp3
rhengun	門口；入口	保留		http://ilrdc.tw/grammar/sound/5/A2-16-24.mp3
ricah	梅子	保留		http://ilrdc.tw/grammar/sound/5/A2-16-25.mp3
ridil	歪；斜	保留		http://ilrdc.tw/grammar/sound/5/A2-16-26.mp3
rima	五	保留		http://ilrdc.tw/grammar/sound/5/A2-16-27.mp3
riso	青年	保留		http://ilrdc.tw/grammar/sound/5/A2-16-28.mp3
riyung	很	保留		http://ilrdc.tw/grammar/sound/5/A2-16-29.mp3
rkebun	胃	保留		http://ilrdc.tw/grammar/sound/5/A2-16-30.mp3
rmaguh	打開	保留		http://ilrdc.tw/grammar/sound/5/A2-16-31.mp3
rmala	過貓	保留		http://ilrdc.tw/grammar/sound/5/A2-16-32.mp3
rmebu	浸泡	保留		http://ilrdc.tw/grammar/sound/5/A2-16-33.mp3
rmehaq	剝樹皮；掀開（衣物、被褥）	保留		http://ilrdc.tw/grammar/sound/5/A2-16-34.mp3
rmengo	說	保留		http://ilrdc.tw/grammar/sound/5/A2-16-35.mp3
rmequn	吞下	保留		http://ilrdc.tw/grammar/sound/5/A2-16-36.mp3
rmicuh	塗（口紅；油漆）	保留		http://ilrdc.tw/grammar/sound/5/A2-16-37.mp3
rmiyux	換；替換	保留		http://ilrdc.tw/grammar/sound/5/A2-16-38.mp3
rnecux	水患	保留		http://ilrdc.tw/grammar/sound/5/A2-16-39.mp3
rngedi	蒼蠅	保留		http://ilrdc.tw/grammar/sound/5/A2-16-40.mp3
rodux	雞	保留		http://ilrdc.tw/grammar/sound/5/A2-17-1.mp3
rqeling	細	保留		http://ilrdc.tw/grammar/sound/5/A2-17-2.mp3
rqenan	咽喉	保留		http://ilrdc.tw/grammar/sound/5/A2-17-3.mp3
rrigan	篩；篩子	保留		http://ilrdc.tw/grammar/sound/5/A2-17-4.mp3
rseno	男性；男人	保留		http://ilrdc.tw/grammar/sound/5/A2-17-6.mp3
rudan	老人；長者	保留		http://ilrdc.tw/grammar/sound/5/A2-17-7.mp3
rulu	車子	保留		http://ilrdc.tw/grammar/sound/5/A2-17-8.mp3
rumun	肝臟	保留		http://ilrdc.tw/grammar/sound/5/A2-17-9.mp3
runge	猴子	保留		http://ilrdc.tw/grammar/sound/5/A2-17-10.mp3
rupun	牙齒	保留		http://ilrdc.tw/grammar/sound/5/A2-17-11.mp3
ruru	小溪	保留		http://ilrdc.tw/grammar/sound/5/A2-17-12.mp3
rutiq	髒	保留		http://ilrdc.tw/grammar/sound/5/A2-17-14.mp3
saadux	硬	保留		http://ilrdc.tw/grammar/sound/5/A2-17-15.mp3
saku	你+我（融合式）	保留		http://ilrdc.tw/grammar/sound/5/A2-17-16.mp3
sama	青菜	保留		http://ilrdc.tw/grammar/sound/5/A2-17-17.mp3
sapah	家；房子	保留		http://ilrdc.tw/grammar/sound/5/A2-17-18.mp3
sapah pyasan	學校	保留		http://ilrdc.tw/grammar/sound/5/A2-17-19.mp3
sapah qtiyan	廁所	保留		http://ilrdc.tw/grammar/sound/5/A2-17-20.mp3
sapic	鞋子	保留		http://ilrdc.tw/grammar/sound/5/A2-17-21.mp3
sari	芋頭	保留		http://ilrdc.tw/grammar/sound/5/A2-17-22.mp3
saya	現在	保留		http://ilrdc.tw/grammar/sound/5/A2-17-23.mp3
sdara	流血	保留		http://ilrdc.tw/grammar/sound/5/A2-17-24.mp3
seediq	人	保留		http://ilrdc.tw/grammar/sound/5/A2-17-25.mp3
Seediq	本族的自稱用語	保留		http://ilrdc.tw/grammar/sound/5/A2-17-26.mp3
seediq msapuh; ising	醫生	保留		http://ilrdc.tw/grammar/sound/5/A2-17-27.mp3
seno	丈夫；先生	保留		http://ilrdc.tw/grammar/sound/5/A2-17-28.mp3
sepac	四	保留		http://ilrdc.tw/grammar/sound/5/A2-17-29.mp3
sepi	夢	保留		http://ilrdc.tw/grammar/sound/5/A2-17-30.mp3
seru	杵	保留		http://ilrdc.tw/grammar/sound/5/A2-17-31.mp3
sibus	甘蔗	保留		http://ilrdc.tw/grammar/sound/5/A2-17-32.mp3
sino	酒	保留		http://ilrdc.tw/grammar/sound/5/A2-17-33.mp3
sisin / sisil	綉眼畫眉鳥；靈鳥	保留		http://ilrdc.tw/grammar/sound/5/A2-17-34.mp3
siyang	豬肉	保留		http://ilrdc.tw/grammar/sound/5/A2-17-35.mp3
siyo	旁邊	保留		http://ilrdc.tw/grammar/sound/5/A2-17-36.mp3
siyo rcilung	海；海邊	保留		http://ilrdc.tw/grammar/sound/5/A2-17-37.mp3
skiya	飛	保留		http://ilrdc.tw/grammar/sound/5/A2-17-38.mp3
slamaq	燒	保留		http://ilrdc.tw/grammar/sound/5/A2-17-39.mp3
slau	梳子	保留		http://ilrdc.tw/grammar/sound/5/A2-17-40.mp3
slmadac / hlmadac	獵刀	保留		http://ilrdc.tw/grammar/sound/5/A2-17-41.mp3
smalu	製作；修復	保留		http://ilrdc.tw/grammar/sound/5/A2-17-42.mp3
smapo	舖床	保留		http://ilrdc.tw/grammar/sound/5/A2-17-43.mp3
smaruk	燒（獵物或家禽的）毛	保留		http://ilrdc.tw/grammar/sound/5/A2-17-44.mp3
smdurak	追	保留		http://ilrdc.tw/grammar/sound/5/A2-17-45.mp3
smebuc	打（用棍子、繩子、軟管）	保留		http://ilrdc.tw/grammar/sound/5/A2-17-46.mp3
smepu	數；算	保留		http://ilrdc.tw/grammar/sound/5/A2-17-47.mp3
smeqic	砍下（小）樹	保留		http://ilrdc.tw/grammar/sound/5/A2-17-48.mp3
smerus	擦拭	保留		http://ilrdc.tw/grammar/sound/5/A2-17-49.mp3
smesung	慶祝；慶典	保留		http://ilrdc.tw/grammar/sound/5/A2-17-50.mp3
smiling	問；詢問	保留		http://ilrdc.tw/grammar/sound/5/A2-17-51.mp3
smino	洗（物品	保留		http://ilrdc.tw/grammar/sound/5/A2-17-52.mp3
smkenux	聞	保留		http://ilrdc.tw/grammar/sound/5/A2-17-53.mp3
smkesik	掃；打掃	保留		http://ilrdc.tw/grammar/sound/5/A2-17-54.mp3
smkuxul / smkuxun	愛；喜歡	保留		http://ilrdc.tw/grammar/sound/5/A2-17-55.mp3
smlluhe / slluhe	學習；練習	保留		http://ilrdc.tw/grammar/sound/5/A2-17-56.mp3
smneeru; muyu	模仿；仿效	保留		http://ilrdc.tw/grammar/sound/5/A2-17-57.mp3
smquri	削製（竹、木、金屬）	保留		http://ilrdc.tw/grammar/sound/5/A2-17-58.mp3
Smratuc	播種祭	保留		http://ilrdc.tw/grammar/sound/5/A2-17-59.mp3
smrebu	小便；上小號	保留		http://ilrdc.tw/grammar/sound/5/A2-17-60.mp3
smruwa	答應	保留		http://ilrdc.tw/grammar/sound/5/A2-17-61.mp3
smuyuk	搓成線（徒手）	保留		http://ilrdc.tw/grammar/sound/5/A2-17-62.mp3
snhii / snhiyun/ snhiyan	相信	保留		http://ilrdc.tw/grammar/sound/5/A2-17-63.mp3
snrrmuwan	粥；稀飯	保留		http://ilrdc.tw/grammar/sound/5/A2-17-64.mp3
snuunux	頭髮	保留		http://ilrdc.tw/grammar/sound/5/A2-17-65.mp3
soni; hani	剛才	保留		http://ilrdc.tw/grammar/sound/5/A2-18-1.mp3
sputu	鳳梨	保留		http://ilrdc.tw/grammar/sound/5/A2-18-2.mp3
sqama; slamaq	燒；燃燒	保留		http://ilrdc.tw/grammar/sound/5/A2-18-3.mp3
sraki	餌（魚、獵餌）	保留		http://ilrdc.tw/grammar/sound/5/A2-18-4.mp3
srkunux	咬人貓	保留		http://ilrdc.tw/grammar/sound/5/A2-18-5.mp3
srqemu	玉米	保留		http://ilrdc.tw/grammar/sound/5/A2-18-6.mp3
stenge	滿	保留		http://ilrdc.tw/grammar/sound/5/A2-18-7.mp3
su; isu; nisu; nnisu; sunan	你	保留		http://ilrdc.tw/grammar/sound/5/A2-18-8.mp3
sudu	草	保留		http://ilrdc.tw/grammar/sound/5/A2-18-9.mp3
sume	熊	保留		http://ilrdc.tw/grammar/sound/5/A2-18-10.mp3
sunguc	樹豆	保留		http://ilrdc.tw/grammar/sound/5/A2-18-11.mp3
sunan	你	保留		http://ilrdc.tw/grammar/sound/5/A2-18-12.mp3
supih	湯鍋	保留		http://ilrdc.tw/grammar/sound/5/A2-18-13.mp3
swai mqedil	妹妹	保留		http://ilrdc.tw/grammar/sound/5/A2-18-14.mp3
swai rseno; swai mqedil	弟弟；妹妹	保留		http://ilrdc.tw/grammar/sound/5/A2-18-15.mp3
ta; ita; nita; nnita	我們（包含式）；咱們	保留		http://ilrdc.tw/grammar/sound/5/A2-18-16.mp3
taku	杓子；湯匙	保留		http://ilrdc.tw/grammar/sound/5/A2-18-17.mp3
tama	父親	保留		http://ilrdc.tw/grammar/sound/5/A2-18-18.mp3
tanah	紅色	保留		http://ilrdc.tw/grammar/sound/5/A2-18-19.mp3
tbesan	篩穀機	保留		http://ilrdc.tw/grammar/sound/5/A2-18-20.mp3
tbsengu	打噴嚏	保留		http://ilrdc.tw/grammar/sound/5/A2-18-21.mp3
tdoruy	滾落	保留		http://ilrdc.tw/grammar/sound/5/A2-18-22.mp3
teerang	胸部	保留		http://ilrdc.tw/grammar/sound/5/A2-18-23.mp3
tekung	貓頭鷹	保留		http://ilrdc.tw/grammar/sound/5/A2-18-24.mp3
Telu	大陸人；外省人	保留		http://ilrdc.tw/grammar/sound/5/A2-18-25.mp3
tena	已經	保留		http://ilrdc.tw/grammar/sound/5/A2-18-26.mp3
teru	三	保留		http://ilrdc.tw/grammar/sound/5/A2-18-27.mp3
thbehuk	悶熱；不通風	保留		http://ilrdc.tw/grammar/sound/5/A2-18-28.mp3
theya	遠	保留		http://ilrdc.tw/grammar/sound/5/A2-18-29.mp3
theyaq	玩；玩耍	保留		http://ilrdc.tw/grammar/sound/5/A2-18-30.mp3
tikuh	一點；一些；少許	保留		http://ilrdc.tw/grammar/sound/5/A2-18-31.mp3
timu	鹽	保留		http://ilrdc.tw/grammar/sound/5/A2-18-32.mp3
tleetu	溫的	保留		http://ilrdc.tw/grammar/sound/5/A2-18-33.mp3
tloong / tloung /tleung	坐下	保留		http://ilrdc.tw/grammar/sound/5/A2-18-34.mp3
tmabu	飼養；豢養	保留		http://ilrdc.tw/grammar/sound/5/A2-18-35.mp3
tmabul	犁；開墾	保留		http://ilrdc.tw/grammar/sound/5/A2-18-36.mp3
tmalang	跑	保留		http://ilrdc.tw/grammar/sound/5/A2-18-37.mp3
tmapaq	拍擊；摑掌	保留		http://ilrdc.tw/grammar/sound/5/A2-18-38.mp3
tmatak	砍除；砍草	保留		http://ilrdc.tw/grammar/sound/5/A2-18-39.mp3
tmeetu	剁	保留		http://ilrdc.tw/grammar/sound/5/A2-18-40.mp3
tmekan	搗；撞擊	保留		http://ilrdc.tw/grammar/sound/5/A2-18-41.mp3
tmelung	摸；觸摸	保留		http://ilrdc.tw/grammar/sound/5/A2-18-42.mp3
tmgesa	教；教導；告訴	保留		http://ilrdc.tw/grammar/sound/5/A2-18-43.mp3
tminun	編織	保留		http://ilrdc.tw/grammar/sound/5/A2-18-44.mp3
tmsiyus	炒（飯菜）	保留		http://ilrdc.tw/grammar/sound/5/A2-18-45.mp3
tmukuy	播種	保留		http://ilrdc.tw/grammar/sound/5/A2-18-46.mp3
tmulus	拉；拖	保留		http://ilrdc.tw/grammar/sound/5/A2-18-47.mp3
tmurak	南瓜	保留		http://ilrdc.tw/grammar/sound/5/A2-19-1.mp3
tokan	男用背負網袋	保留		http://ilrdc.tw/grammar/sound/5/A2-19-2.mp3
toma bahak	心臟	保留		http://ilrdc.tw/grammar/sound/5/A2-19-3.mp3
tpunu	枕頭	保留		http://ilrdc.tw/grammar/sound/5/A2-19-4.mp3
tqeraq	躺	保留		http://ilrdc.tw/grammar/sound/5/A2-19-5.mp3
tqgilaq / tqwilaq	閃電	保留		http://ilrdc.tw/grammar/sound/5/A2-19-6.mp3
tquti	放屁	保留		http://ilrdc.tw/grammar/sound/5/A2-19-7.mp3
trasi	斗笠；雨傘	保留		http://ilrdc.tw/grammar/sound/5/A2-19-8.mp3
trima	洗（身體任何部位）；洗澡	保留		http://ilrdc.tw/grammar/sound/5/A2-19-9.mp3
rqeraq	休息；躺臥	保留		http://ilrdc.tw/grammar/sound/5/A2-19-10.mp3
truma	裡面；內部	保留		http://ilrdc.tw/grammar/sound/5/A2-20-1.mp3
udiq	水滴	保留		http://ilrdc.tw/grammar/sound/5/A2-20-2.mp3
tunux	頭	保留		http://ilrdc.tw/grammar/sound/5/A2-20-3.mp3
turuq	痰	保留		http://ilrdc.tw/grammar/sound/5/A2-20-4.mp3
tuting	鐵鎚	保留		http://ilrdc.tw/grammar/sound/5/A2-20-5.mp3
uban	毛	保留		http://ilrdc.tw/grammar/sound/5/A2-20-6.mp3
ucik	辣椒	保留		http://ilrdc.tw/grammar/sound/5/A2-20-7.mp3
uka	沒有	保留		http://ilrdc.tw/grammar/sound/5/A2-21-1.mp3
uka (hini)	不在（這裡）	保留		http://ilrdc.tw/grammar/sound/5/A2-21-2.mp3
un	是的	保留		http://ilrdc.tw/grammar/sound/5/A2-21-3.mp3
urung	角（動物的）	保留		http://ilrdc.tw/grammar/sound/5/A2-21-4.mp3
utux	神；鬼；鬼魂	保留		http://ilrdc.tw/grammar/sound/5/A2-21-5.mp3
uxe	不是	保留		http://ilrdc.tw/grammar/sound/5/A2-21-6.mp3
